scheme_id,known_feasible,capability_score,price_wan,stroke_mm,rated_thrust_n,peak_thrust_n,speed_mm_s,accuracy_mm,response_time_ms,temp_low_c,temp_high_c,duty_cycle_pct,mass_kg,salt_spray_h,protection_grade,manual_emergency,self_lock,position_feedback,overload_protection,self_diagnosis
VIRTUAL-0001,1,53.5797,19.9952,213.7443,17861.9668,27678.8446,52.1071,0.68114,199.4465,-38.1638,88.6041,37.8465,21.2934,216.0,66.0,0,1,1,1,1
VIRTUAL-0002,0,20.856,10.249,102.8256,6401.9363,8258.3399,60.7883,0.53327,176.2642,-21.8078,68.6657,52.2094,7.2643,0.0,55.0,0,0,1,0,1
VIRTUAL-0003,1,70.8558,19.9347,78.8183,16249.4763,23846.7183,62.3334,0.62471,171.7861,-32.1336,98.1261,63.2494,16.8898,240.0,67.0,1,1,1,1,0
VIRTUAL-0004,1,47.5721,19.1143,131.6667,17210.609,25107.2363,89.26,0.43651,140.633,-19.0855,68.1395,71.1657,16.2983,0.0,54.0,0,1,1,0,0
VIRTUAL-0005,1,62.3649,17.5766,219.4314,16131.9941,23288.3383,81.3156,0.69099,153.1168,-33.288,76.2613,63.89,16.9272,24.0,55.0,0,1,1,1,1
VIRTUAL-0006,1,57.753,17.29,211.14,11218.7762,16818.483,87.015,0.12086,82.9664,-22.9006,71.9383,22.6053,15.3918,240.0,67.0,0,1,1,0,1
VIRTUAL-0007,1,45.746,14.1804,177.3492,13903.9003,21999.2808,41.7518,0.59709,251.004,-12.9451,88.7994,32.5583,12.7529,0.0,55.0,0,1,0,1,0
VIRTUAL-0008,1,56.5085,18.454,112.8376,17057.2642,23997.7902,48.1341,0.41256,228.2487,-58.4134,89.366,36.1632,16.3413,24.0,55.0,1,0,1,1,0
VIRTUAL-0009,1,48.9456,12.0798,109.3637,5840.6344,10072.5932,58.866,0.34637,192.0165,-15.7209,99.4301,48.9912,7.7011,0.0,54.0,1,1,1,1,0
VIRTUAL-0010,1,50.831,16.3683,129.0547,16926.2688,24748.8473,34.1994,0.84512,287.4213,-29.2621,88.4054,69.9912,14.1305,0.0,55.0,0,1,1,1,0
VIRTUAL-0011,1,51.5864,17.1463,132.4853,14682.635,22469.5018,73.3442,0.14505,151.4806,-41.0161,58.9059,56.2069,16.7154,168.0,65.0,0,0,1,1,0
VIRTUAL-0012,1,48.3774,15.3245,120.5867,11920.8454,18544.088,27.4654,0.34277,242.6837,-55.259,73.5724,75.9527,12.5355,0.0,55.0,0,1,1,1,1
VIRTUAL-0013,1,54.3343,17.4813,142.5821,17607.249,25827.7233,17.3667,0.58867,295.2456,-18.9071,75.5042,98.4889,15.6931,72.0,55.0,1,1,1,1,1
VIRTUAL-0014,1,34.7189,14.3592,169.4285,12071.669,17687.5247,59.63,0.85776,209.3613,-30.3841,99.8105,20.6459,14.142,96.0,55.0,0,1,0,1,0
VIRTUAL-0015,1,52.6784,14.3383,137.325,6871.3079,11263.5731,85.9994,0.10465,122.0126,-51.2822,66.5471,65.6805,9.3557,0.0,54.0,1,1,1,1,0
VIRTUAL-0016,1,47.3364,14.7834,101.3599,10679.3834,16574.9706,47.6852,0.89272,213.0931,-35.1894,75.2199,87.2192,12.9056,24.0,54.0,1,1,1,1,1
VIRTUAL-0017,1,47.258,14.5806,103.4184,10704.7675,15471.8428,50.2479,0.13686,184.1014,-24.9239,71.7505,20.1414,12.1773,0.0,54.0,1,1,1,1,1
VIRTUAL-0018,1,39.1139,11.7418,101.9572,11132.2694,17649.9302,6.0335,0.69706,301.7479,-57.6592,80.5059,20.5229,13.9079,0.0,54.0,1,1,1,1,0
VIRTUAL-0019,1,31.7531,12.414,189.6947,8127.6795,11521.6215,5.5706,0.89295,340,-43.1098,67.7321,44.1905,12.4276,48.0,55.0,1,1,1,1,0
VIRTUAL-0020,1,33.5371,14.0298,62.9131,4844.9317,6960.6243,56.5838,0.29662,189.9044,-40.5441,60.7815,47.3473,10.23,216.0,65.0,1,0,1,1,1
VIRTUAL-0021,1,43.9419,12.7604,88.5982,14069.333,22453.5412,12.7297,0.63569,298.1532,-37.7554,60.3896,48.7891,10.5114,0.0,55.0,0,1,1,1,1
VIRTUAL-0022,1,48.6047,15.6616,218.0345,14977.2064,23122.5689,25.4569,0.65672,275.152,-15.8328,77.7317,84.531,15.1371,48.0,55.0,1,1,1,1,1
VIRTUAL-0023,1,39.386,11.8106,96.6326,4133.4266,6000,66.6296,0.67818,174.9528,-47.9935,99.9784,37.5109,8.1763,48.0,55.0,1,0,1,1,0
VIRTUAL-0024,0,48.1894,18.1536,122.1403,16294.8983,24789.1783,82.4112,0.05506,114.1658,-47.8306,97.1306,57.23,16.5798,120.0,55.0,0,0,1,0,0
VIRTUAL-0025,1,30.9096,14.9362,115.5793,5357.7991,8249.4983,60.1678,0.87639,221.4085,-17.5235,81.7109,75.2881,8.7847,96.0,65.0,1,1,0,1,1
VIRTUAL-0026,1,31.6077,10.3034,119.6006,5731.5624,8558.9203,63.4502,0.83573,207.4026,-42.8956,55.4897,22.4705,9.7481,0.0,55.0,0,1,1,1,0
VIRTUAL-0027,1,47.5465,15.1075,166.2165,7699.109,11653.3319,37.89,0.68725,237.7836,-32.0014,87.5231,64.8358,13.2829,216.0,68.0,0,1,0,1,0
VIRTUAL-0028,1,41.9213,12.754,75.2239,12851.9731,18256.2498,35.9533,0.88015,252.6777,-58.9203,61.9128,31.9972,10.9779,0.0,54.0,0,1,1,1,0
VIRTUAL-0029,1,55.3027,18.913,177.6731,15974.004,24134.6704,41.3289,0.95822,222.5304,-39.0776,88.5497,86.9176,17.9078,48.0,55.0,1,1,1,1,1
VIRTUAL-0030,1,67.0935,21.1349,128.3278,17895.8365,27462.0125,74.5397,0.70557,167.1699,-18.7511,94.3018,28.5706,16.7367,240.0,67.0,0,1,1,1,0
VIRTUAL-0031,1,48.1678,15.2952,160.6897,14968.9387,23496.241,16.2084,0.71864,273.1551,-26.0425,96.866,31.4395,15.1994,0.0,55.0,0,1,1,1,1
VIRTUAL-0032,1,30.7974,13.4287,151.5779,12373.3665,17293.8223,8.614,0.9812,324.793,-33.9914,70.722,49.4104,12.757,0.0,55.0,0,1,1,1,0
VIRTUAL-0033,1,38.3823,13.2095,136.6011,6187.4697,9408.4851,80.2005,0.79307,127.6109,-31.8662,72.8048,30.7084,7.919,0.0,54.0,0,1,1,1,1
VIRTUAL-0034,1,29.1655,10.1653,168.6977,7068.8671,10593.7407,22.0868,0.92642,257.8081,-30.9311,76.4878,32.8979,8.9669,72.0,55.0,0,0,1,1,0
VIRTUAL-0035,1,48.8799,13.7679,112.1287,11726.3435,18315.5948,18.9493,0.54985,268.438,-42.8109,80.3258,74.5909,11.0004,0.0,54.0,1,1,1,1,1
VIRTUAL-0036,1,47.6593,16.5656,90.4522,11491.1565,16908.8739,62.0931,0.25909,156.446,-57.4228,91.9965,31.1091,13.8194,96.0,55.0,1,1,1,1,1
VIRTUAL-0037,1,63.1208,19.9069,141.6223,17119.7412,26974.918,40.8142,0.53132,239.3911,-36.1818,55.5332,98.3489,16.1812,216.0,67.0,0,0,1,1,1
VIRTUAL-0038,1,58.251,18.6268,56.6351,10263.5944,17567.2302,87.4199,0.06428,66.1096,-20.0312,95.0237,61.2672,13.6527,216.0,65.0,0,1,1,1,1
VIRTUAL-0039,1,48.9217,14.6793,162.7609,13036.46,19985.2814,17.5784,0.4153,286.8808,-44.7426,60.7205,98.0706,12.1027,48.0,55.0,0,0,1,1,1
VIRTUAL-0040,1,44.5104,16.2305,94.4562,14458.4168,23862.3419,79.6597,0.69234,148.2055,-57.8366,83.3608,35.5522,14.5407,24.0,55.0,1,0,1,0,1
VIRTUAL-0041,1,38.6252,13.8342,201.2175,7745.8386,11618.7541,87.8717,0.20383,110.0032,-26.0935,95.4825,29.5637,10.7665,96.0,55.0,0,1,1,1,0
VIRTUAL-0042,1,57.7849,17.6819,164.4652,15732.5526,23894.6709,45.1259,0.21162,231.9141,-34.8607,97.0329,57.2862,15.525,0.0,54.0,1,0,1,1,1
VIRTUAL-0043,1,47.1339,18.9212,210.6775,12499.0011,18532.5532,59.4554,0.86543,183.3619,-52.5272,68.7993,76.1396,15.2939,216.0,65.0,0,1,1,1,1
VIRTUAL-0044,1,57.3683,18.3648,175.7736,17993.8214,26433.5592,83.0737,0.4523,126.4064,-49.492,77.7492,70.0812,19.2967,168.0,65.0,0,1,1,1,0
VIRTUAL-0045,1,38.4098,17.9992,72.4793,10394.2674,13782.1478,89.6154,0.53727,106.3877,-53.6059,67.1304,61.8077,10.9954,120.0,65.0,1,1,1,1,0
VIRTUAL-0046,1,51.7432,16.0502,53.7412,15583.967,22494.37,46.9576,0.92232,228.2913,-38.8601,71.5184,92.9832,11.5309,0.0,54.0,1,1,1,1,0
VIRTUAL-0047,1,43.9249,14.8946,183.5751,12019.7231,17884.4663,54.4273,0.73439,198.8341,-57.9003,66.4227,32.2381,13.7401,72.0,55.0,0,0,1,0,1
VIRTUAL-0048,1,43.2163,18.0891,171.252,11655.3358,18279.4794,6.6547,0.20445,285.6604,-52.6563,76.5454,95.6858,16.2411,216.0,66.0,1,0,1,0,1
VIRTUAL-0049,1,24.5676,13.3411,215.1521,6808.3052,12358.4168,29.5493,0.76163,288.5374,-26.3283,65.2535,72.5343,11.7825,168.0,65.0,0,0,1,1,0
VIRTUAL-0050,1,50.4633,17.2064,143.3697,15988.253,26418.9946,26.2617,0.53262,282.8819,-30.1755,93.9708,48.5722,16.3659,0.0,54.0,1,1,1,1,1
VIRTUAL-0051,1,54.4989,18.7387,215.3709,16819.3795,25641.6761,26.0066,0.2536,224.6385,-52.9906,90.8987,99.1342,18.3749,120.0,65.0,1,1,1,1,0
VIRTUAL-0052,1,32.628,9.6873,94.1973,4743.8832,6534.275,68.4286,0.43164,143.1287,-22.533,55.1467,23.5345,7.6809,0.0,54.0,0,1,1,0,0
VIRTUAL-0053,1,38.8382,11.7042,129.1206,9972.8238,15153.9238,15.2906,0.18045,299.7591,-20.5895,82.5135,37.5046,11.171,0.0,54.0,1,1,1,1,0
VIRTUAL-0054,1,47.7121,17.2966,156.8993,13494.74,19576.3562,48.1062,0.15384,210.3697,-18.8444,84.9719,41.1766,15.7065,168.0,65.0,1,0,1,1,1
VIRTUAL-0055,1,43.4216,13.807,197.3933,10218.9032,15176.7889,36.0703,0.99209,258.809,-54.7482,76.7191,35.2807,13.3561,48.0,55.0,1,1,1,1,1
VIRTUAL-0056,1,46.4656,13.8819,94.8954,6888.0246,11714.6688,83.9655,0.6969,156.3079,-37.6106,73.4378,89.7154,9.8117,0.0,54.0,1,1,1,1,0
VIRTUAL-0057,1,22.0526,10.5654,88.3915,4900.6361,6708.3322,11.1113,0.92893,307.4925,-39.6158,87.5241,98.3283,4.5,0.0,54.0,0,0,1,1,1
VIRTUAL-0058,1,48.7412,21.0173,121.9098,17727.0288,26878.7157,60.5142,0.74112,184.1849,-42.3075,58.8291,48.248,16.6337,216.0,65.0,0,1,1,1,1
VIRTUAL-0059,0,48.6092,17.1408,122.4571,12020.1447,20390.5696,49.0839,0.15221,213.8611,-49.481,80.5807,61.485,15.7838,216.0,65.0,0,0,1,1,0
VIRTUAL-0060,1,67.1174,19.4813,98.2367,15727.6767,24302.2871,80.8713,0.15711,116.3523,-40.694,73.2506,94.0306,11.6234,72.0,55.0,0,0,1,1,1
VIRTUAL-0061,1,43.1608,16.7717,51.7189,16865.2507,25816.6454,37.8603,0.82008,271.902,-20.0067,94.5833,60.7639,14.6445,120.0,55.0,0,1,1,1,1
VIRTUAL-0062,1,39.02,14.0372,94.6515,5101.8549,7868.837,33.0141,0.06213,192.1465,-32.4352,68.0721,92.334,8.4726,168.0,65.0,1,1,1,1,0
VIRTUAL-0063,1,46.9452,13.2395,74.9023,11063.3327,16826.1096,71.397,0.25358,153.1347,-10.7668,57.4152,37.8266,10.2346,48.0,55.0,1,0,1,1,0
VIRTUAL-0064,1,58.393,17.5117,53.8227,17041.977,25797.2373,83.1647,0.95843,160.0901,-48.0442,68.224,84.341,13.3108,24.0,55.0,0,0,1,1,0
VIRTUAL-0065,0,60.3931,20.0896,124.9279,12913.5264,19174.4284,88.9192,0.5127,80.1403,-59.9496,86.4044,88.3142,15.7835,168.0,65.0,0,1,1,1,1
VIRTUAL-0066,0,41.59,18.1869,71.8574,17511.0964,27136.7832,41.5177,0.99707,252.9891,-45.2598,67.7659,45.469,15.6787,96.0,55.0,1,1,1,1,1
VIRTUAL-0067,1,55.0345,20.7123,62.8001,16033.4037,23907.0724,61.8791,0.24836,162.2628,-41.5326,65.7083,54.876,15.0201,216.0,68.0,1,0,1,0,0
VIRTUAL-0068,1,47.0302,12.3112,121.6983,5741.765,7856.6176,49.5542,0.05747,182.8538,-28.0812,88.4024,96.382,9.7536,0.0,54.0,0,0,1,1,1
VIRTUAL-0069,0,13.7516,13.5691,129.2966,4447.5453,6000,36.1165,0.88703,261.4795,-37.683,98.2821,28.6925,11.1398,168.0,65.0,1,0,1,1,1
VIRTUAL-0070,0,27.6694,18.6082,123.571,17314.6416,26770.8974,19.8059,0.89638,263.0104,-18.6264,95.127,62.7455,14.8183,96.0,65.0,0,1,0,1,1
VIRTUAL-0071,1,48.4678,14.9197,110.5414,11374.2304,17619.3664,49.3364,0.48872,230.9964,-27.3872,58.4055,89.4869,9.299,24.0,54.0,0,0,1,1,1
VIRTUAL-0072,1,43.1385,13.8302,157.0877,15843.9177,23023.4795,6.4401,0.60172,329.5661,-36.8441,80.2344,28.124,14.8867,24.0,55.0,0,0,1,1,1
VIRTUAL-0073,1,36.1661,16.6405,211.2577,11142.2241,16510.4141,43.5775,0.63482,219.3303,-56.4657,71.4848,27.4177,16.0304,216.0,65.0,0,0,1,1,1
VIRTUAL-0074,1,48.2574,19.6017,196.621,10517.1607,16952.5539,73.8325,0.05053,131.3446,-25.4936,81.3624,64.8976,12.9631,168.0,65.0,0,1,1,1,1
VIRTUAL-0075,0,36.7414,15.4351,161.1651,9804.2988,14103.1858,31.9365,0.81638,264.4428,-46.3719,92.1007,73.7131,14.3853,120.0,65.0,1,1,1,1,1
VIRTUAL-0076,1,46.6523,17.2038,194.7166,15785.4028,22706.897,44.169,0.10737,226.1687,-50.2944,82.2811,42.0184,18.1435,96.0,55.0,1,0,1,1,1
VIRTUAL-0077,1,39.5588,15.6623,94.3659,7187.111,10306.1451,74.7235,0.80709,169.5437,-53.7728,94.2418,24.868,11.6872,216.0,65.0,0,1,1,1,0
VIRTUAL-0078,0,43.3275,18.0463,216.5585,10198.0068,16086.7904,57.7126,0.3456,204.6984,-33.1968,89.6577,26.586,14.0577,168.0,65.0,0,1,1,1,0
VIRTUAL-0079,1,32.8085,14.2513,116.8832,7298.976,11597.8096,45.0301,0.33594,242.697,-30.3356,82.4249,49.7481,12.3858,168.0,65.0,0,1,0,1,0
VIRTUAL-0080,1,56.3415,14.1833,211.416,6979.5436,9545.2529,84.8012,0.07072,92.8909,-55.511,97.5064,71.254,11.2396,0.0,55.0,0,0,1,1,1
VIRTUAL-0081,1,41.3282,15.3182,190.1955,10664.6903,17285.4437,82.8463,0.98442,110.5039,-13.7279,94.452,72.1301,14.251,96.0,65.0,0,0,1,1,1
VIRTUAL-0082,1,38.2294,12.578,188.9167,14287.8482,22101.2586,9.8461,0.91392,337.8352,-37.2353,88.1835,50.9758,15.2227,0.0,54.0,0,0,0,1,0
VIRTUAL-0083,1,39.1353,16.2497,101.077,16707.9024,24398.4864,60.2538,0.34294,188.5989,-20.0567,61.7224,81.0243,13.2838,96.0,55.0,0,0,1,1,0
VIRTUAL-0084,1,49.6311,13.2117,134.8753,6461.4144,10644.9823,53.8341,0.14825,162.0395,-54.3211,86.7208,58.8484,9.6477,0.0,55.0,0,1,1,1,1
VIRTUAL-0085,1,27.1417,11.7948,86.4828,6288.4598,8470.0381,70.0441,0.1677,162.0914,-14.1773,62.5162,29.6681,9.0415,24.0,55.0,1,0,0,1,1
VIRTUAL-0086,1,46.141,15.0529,69.3706,7819.807,12461.0376,71.5675,0.82489,150.5542,-25.7161,64.9318,48.1673,13.9599,216.0,68.0,1,0,0,1,1
VIRTUAL-0087,1,19.3826,12.9106,104.316,4406.6689,6407.616,13.3932,0.9462,279.7657,-22.5817,98.2577,63.8209,9.042,96.0,65.0,0,1,1,1,1
VIRTUAL-0088,0,37.0505,17.8824,147.6685,13919.5104,21958.0509,44.5518,0.18825,204.597,-52.8918,86.809,39.1456,16.6239,120.0,65.0,1,1,1,0,0
VIRTUAL-0089,1,59.0655,16.4351,104.9643,12649.5859,19207.9201,20.7991,0.07271,280.8075,-50.3637,75.7413,25.5492,12.2145,72.0,65.0,1,1,1,1,1
VIRTUAL-0090,1,54.5063,15.4603,109.567,17605.199,26100.7407,60.8384,0.93847,190.5701,-46.2615,83.7358,34.3637,15.8357,24.0,55.0,0,1,1,1,0
VIRTUAL-0091,1,28.4502,10.3912,138.5225,7096.6222,11001.8767,17.4772,0.9968,284.5484,-41.0342,68.9275,32.3986,10.8796,48.0,55.0,0,1,1,1,1
VIRTUAL-0092,1,51.147,13.8651,100.731,12045.8366,19821.4604,57.3175,0.83087,150.863,-30.8379,84.0071,56.4611,12.2846,48.0,54.0,0,0,1,1,1
VIRTUAL-0093,1,52.4522,17.7277,119.8706,17382.1076,25446.4688,82.7947,0.30474,127.5225,-33.9495,74.0352,32.7015,14.9154,96.0,55.0,0,1,1,1,0
VIRTUAL-0094,1,60.9833,18.7618,200.4566,16713.9838,25917.2695,89.0134,0.3123,111.0379,-49.9531,66.1002,46.3045,16.4841,24.0,54.0,0,0,1,1,0
VIRTUAL-0095,1,35.7411,12.2062,197.885,7906.8903,12201.194,21.2935,0.35248,293.2305,-34.6949,58.9516,31.8276,11.2456,72.0,55.0,1,1,1,1,1
VIRTUAL-0096,1,48.4357,14.3078,125.1773,15566.9024,22950.6841,5.1315,0.09091,271.4633,-53.7329,80.2137,24.8588,16.9054,48.0,55.0,0,0,1,1,0
VIRTUAL-0097,1,22.7293,11.3533,71.3662,7343.0741,9910.8026,10.1051,0.26921,281.4474,-36.3614,57.868,61.7122,7.3631,24.0,55.0,0,1,1,1,1
VIRTUAL-0098,1,49.1545,17.2584,188.2366,17233.7526,25352.6434,13.058,0.52604,282.5284,-39.3854,83.6655,58.5849,17.2852,24.0,55.0,0,1,1,1,1
VIRTUAL-0099,1,55.9701,16.1712,148.704,17051.1019,27008.191,14.7261,0.28325,278.875,-42.8861,85.7254,63.8387,13.3888,24.0,55.0,0,1,1,1,1
VIRTUAL-0100,1,30.8962,12.8592,60.9839,8993.6602,13435.598,10.1773,0.36719,274.8661,-56.3522,88.5513,27.3304,11.0176,120.0,65.0,1,0,1,0,0
VIRTUAL-0101,1,63.9037,18.6107,120.7493,11761.3725,17757.9353,74.2579,0.16815,134.5665,-11.56,87.3062,35.2447,12.0191,240.0,68.0,1,1,1,1,1
VIRTUAL-0102,1,47.4247,19.8404,192.276,12380.3543,18686.2593,53.4675,0.69583,178.7147,-57.0507,80.9618,91.7153,15.1691,168.0,65.0,0,1,0,1,1
VIRTUAL-0103,1,43.9483,17.6658,166.6751,15824.699,23545.844,12.8368,0.43381,274.1402,-27.3111,93.7671,41.7909,17.6633,120.0,65.0,1,1,1,1,1
VIRTUAL-0104,0,25.5142,11.8391,168.0636,7094.8195,13759.1394,33.8913,0.98749,262.9106,-23.1179,82.1378,64.8312,10.3376,96.0,55.0,0,1,0,1,1
VIRTUAL-0105,1,23.8297,14.2237,58.4585,8048.5854,13219.4875,37.561,0.9474,241.9996,-42.4869,66.5462,44.1341,11.4065,96.0,55.0,0,1,0,1,1
VIRTUAL-0106,1,16.8351,14.1769,203.2545,8572.9142,11577.7777,26.0375,0.98926,268.1681,-10.597,57.9583,56.6537,12.5995,120.0,65.0,0,0,1,1,1
VIRTUAL-0107,1,32.0815,14.49,103.319,4013.8401,6167.7574,64.9948,0.74681,186.2377,-45.4122,73.4753,79.1275,9.9737,216.0,65.0,0,1,0,1,1
VIRTUAL-0108,1,46.5027,13.9212,156.8062,7592.396,11493.7175,74.3565,0.74186,141.0343,-33.9441,88.9059,62.5089,9.5724,48.0,55.0,0,1,1,1,1
VIRTUAL-0109,1,52.4333,15.109,121.025,13018.2391,19922.2459,17.4851,0.29539,240.5879,-40.4736,67.516,71.229,14.8585,72.0,55.0,0,1,1,1,0
VIRTUAL-0110,0,24.1256,15.9149,70.5605,6568.7155,8732.8995,68.0695,0.88781,182.4647,-40.6377,75.6571,67.6529,9.697,120.0,55.0,1,1,1,1,1
VIRTUAL-0111,1,70.9955,21.3672,140.4193,17839.9781,28239.8108,39.169,0.29389,238.0371,-28.6345,81.867,64.8535,18.1939,240.0,67.0,1,1,1,1,1
VIRTUAL-0112,1,29.9724,16.3242,189.741,17125.6828,27435.2604,5.5263,0.44606,299.2074,-44.6062,60.7197,70.2736,18.8438,120.0,65.0,0,1,0,1,1
VIRTUAL-0113,1,47.276,21.0569,193.6303,11758.8905,18186.8423,54.6736,0.12659,190.4114,-36.2588,64.5134,62.8357,13.2095,240.0,66.0,0,1,1,1,1
VIRTUAL-0114,1,62.1228,18.4242,179.8618,17380.3291,27134.4992,61.3734,0.18054,167.7829,-48.1436,91.0975,21.3177,18.2729,72.0,55.0,0,0,1,1,0
VIRTUAL-0115,1,46.1829,15.405,213.4182,13055.9395,20512.4062,43.3316,0.59586,215.5237,-43.3775,57.2741,67.6726,14.6653,24.0,55.0,0,0,1,1,0
VIRTUAL-0116,1,75.5646,21.0636,168.9001,16735.549,23973.7813,86.3395,0.0992,75.6798,-32.4334,97.143,77.4663,16.1307,48.0,55.0,0,0,1,1,1
VIRTUAL-0117,1,51.8607,16.2626,93.5007,15859.6832,24957.032,72.0671,0.12951,125.8555,-26.7847,67.7604,61.2337,13.6527,96.0,55.0,0,0,1,1,1
VIRTUAL-0118,0,38.5435,13.1275,70.0445,6162.9485,7450.8831,67.8982,0.09298,166.7812,-44.454,95.5791,36.3338,8.8883,0.0,55.0,0,0,1,1,1
VIRTUAL-0119,1,36.5532,10.0063,157.7636,4450.2683,7363.6913,39.3145,0.30149,198.3873,-12.7294,95.9548,21.7993,7.6922,24.0,55.0,0,1,1,0,0
VIRTUAL-0120,1,33.2188,19.2301,182.9314,15687.902,25007.3285,60.4966,0.38537,182.2469,-34.9835,85.6313,67.0708,17.859,120.0,65.0,0,0,0,1,0
VIRTUAL-0121,1,44.6822,17.3912,64.7764,17411.3174,27058.7147,34.2683,0.82299,275.5899,-44.8831,97.873,23.3627,16.5859,96.0,55.0,1,1,1,1,1
VIRTUAL-0122,1,41.6976,10.2239,94.8596,4239.6609,6000,53.2068,0.1388,191.113,-27.4875,90.61,61.1471,9.8042,72.0,55.0,0,0,0,1,0
VIRTUAL-0123,1,51.4238,17.1535,195.3715,9084.5044,14800.3213,83.7307,0.67558,103.2354,-50.0936,92.6863,48.4997,14.9535,216.0,65.0,1,1,1,1,0
VIRTUAL-0124,1,42.9112,16.1405,187.9908,11204.9533,16864.9206,54.2382,0.77841,191.4251,-36.5182,94.1816,66.0075,16.3086,240.0,65.0,0,1,1,1,0
VIRTUAL-0125,0,25.6082,16.4879,203.4147,14304.5249,21805.7992,39.145,0.52037,193.4199,-15.4062,62.9001,77.4446,15.968,120.0,55.0,1,1,1,0,0
VIRTUAL-0126,0,37.0166,18.6207,86.0658,16182.6204,25888.1424,73.8658,0.83608,177.0471,-51.4507,57.0207,70.471,15.1943,120.0,55.0,1,1,1,0,1
VIRTUAL-0127,1,31.0301,12.954,120.1962,4135.0346,6000,55.6448,0.75589,193.3728,-42.736,73.9197,82.8964,9.5037,168.0,55.0,1,1,1,1,1
VIRTUAL-0128,1,30.9004,10.1351,179.3458,6112.2696,8569.4789,8.8504,0.76377,290.7834,-48.5944,88.3607,63.8884,10.4358,48.0,55.0,0,0,1,1,0
VIRTUAL-0129,1,59.1168,16.5661,86.2986,16917.3788,27071.1715,20.3084,0.28217,307.0249,-54.2308,71.9947,49.4601,16.269,72.0,55.0,1,1,1,1,0
VIRTUAL-0130,1,28.8578,11.3419,143.5231,7430.6395,13067.1909,24.6355,0.26867,227.2036,-26.8337,80.0933,51.7394,10.0634,96.0,55.0,0,1,0,1,1
VIRTUAL-0131,1,62.5587,19.4229,123.3884,17504.8727,27546.8072,79.8517,0.55358,116.255,-19.2223,67.0921,87.6791,13.7304,48.0,55.0,0,1,1,1,1
VIRTUAL-0132,1,52.7842,14.2224,88.6229,11619.2215,17631.6664,72.3197,0.42356,100.0224,-23.8179,91.6071,28.6988,10.9687,72.0,55.0,0,0,1,1,1
VIRTUAL-0133,1,52.0163,18.0889,102.1889,12707.8275,18607.4342,33.026,0.93008,251.5906,-44.532,61.9954,84.4699,14.4445,240.0,67.0,0,1,1,1,1
VIRTUAL-0134,0,28.8392,12.1681,129.7454,5249.0358,6578.8815,47.9565,0.90556,200.2883,-33.2812,98.9446,41.314,9.797,48.0,55.0,1,1,1,1,1
VIRTUAL-0135,1,36.5813,13.1341,167.7179,7846.471,12419.4957,6.4529,0.36355,290.4065,-59.5615,94.3788,31.3754,12.4871,96.0,65.0,0,1,1,0,0
VIRTUAL-0136,1,53.4073,16.0635,65.3667,10768.7311,17730.8564,59.4303,0.13379,167.0662,-39.2103,57.6667,73.9004,10.8378,24.0,54.0,0,1,0,1,1
VIRTUAL-0137,1,40.7548,17.5601,149.9697,11023.0053,17476.3188,16.6797,0.9215,276.658,-57.3594,97.7233,93.6152,16.2118,168.0,65.0,0,1,1,1,1
VIRTUAL-0138,1,31.4616,13.4397,67.1481,7952.1393,13526.3356,26.7158,0.32577,260.754,-23.1056,70.2257,51.4823,11.1356,168.0,65.0,0,0,1,1,0
VIRTUAL-0139,1,15.5472,11.8125,103.7693,8158.0999,10728.5201,27.0052,0.87986,270.1702,-23.537,73.8289,25.1061,8.8638,24.0,55.0,0,1,1,1,0
VIRTUAL-0140,1,22.2461,9.9293,82.3444,7284.0542,12044.5439,26.525,0.99585,281.5374,-20.9234,58.904,26.3178,9.2241,48.0,55.0,0,0,1,0,0
VIRTUAL-0141,1,39.1028,14.2303,143.0212,9162.7549,13602.7706,72.7211,0.78161,143.1779,-28.9824,55.1525,34.862,10.8976,0.0,54.0,1,1,1,1,1
VIRTUAL-0142,1,44.6833,11.8132,153.23,5656.2352,9930.6684,81.1342,0.28797,149.2845,-39.438,75.0069,53.0154,8.195,0.0,54.0,0,1,1,0,1
VIRTUAL-0143,0,49.629,19.1285,149.195,15152.3918,20881.6237,52.8011,0.30986,229.1157,-39.0962,62.7398,92.7624,16.0545,240.0,66.0,1,0,1,1,0
VIRTUAL-0144,1,56.2534,16.4053,100.247,14485.04,20303.0151,79.2936,0.80898,151.7537,-41.773,77.0572,91.7479,15.0957,72.0,55.0,0,1,1,1,0
VIRTUAL-0145,1,31.3322,13.9365,205.3745,13244.3663,20156.2862,5.9608,0.79501,286.1149,-13.0841,96.6342,59.2775,13.5537,96.0,55.0,1,0,1,1,1
VIRTUAL-0146,1,40.9602,11.485,113.8466,8556.8496,14144.1231,30.9371,0.15819,258.17,-12.9708,80.4651,70.9678,10.7193,0.0,55.0,0,0,1,1,0
VIRTUAL-0147,1,15.0554,11.2558,84.5795,4993.4615,6548.3028,16.1172,0.97759,316.1495,-25.6114,93.295,60.8165,9.2757,0.0,55.0,1,1,1,1,1
VIRTUAL-0148,1,44.4826,17.5648,86.7172,15763.3903,23202.0736,17.7009,0.81968,291.0107,-19.7114,98.3493,75.9593,17.2436,216.0,65.0,1,1,1,1,1
VIRTUAL-0149,1,41.226,11.8625,56.9623,9572.6021,14930.5124,22.0187,0.82339,293.6564,-48.9906,61.9248,74.7158,9.3968,72.0,55.0,0,1,1,0,1
VIRTUAL-0150,1,39.2424,12.3134,178.0862,4874.6952,8164.0597,9.5584,0.38583,322.3038,-59.0332,92.0534,29.3506,12.4387,72.0,55.0,1,1,1,1,1
VIRTUAL-0151,1,61.8756,16.5561,133.4801,12984.2633,20774.1519,83.1361,0.30043,135.6082,-46.2515,67.1872,75.526,12.6791,0.0,54.0,1,1,1,1,1
VIRTUAL-0152,0,43.6823,18.2663,87.6714,12646.0203,18378.0618,38.5179,0.58319,218.8734,-28.7082,99.1484,76.6152,13.8158,168.0,65.0,0,0,1,1,0
VIRTUAL-0153,0,39.0175,17.3842,88.0124,13127.9079,19900.1132,16.269,0.62391,254.5445,-35.7349,84.6346,88.9995,14.4521,96.0,55.0,0,1,1,1,1
VIRTUAL-0154,1,60.716,19.4948,135.0097,16202.9688,26359.3779,17.6542,0.47111,259.2834,-40.5123,91.2773,91.2134,17.0681,72.0,55.0,1,1,1,1,1
VIRTUAL-0155,1,43.5806,12.3185,120.4754,4154.178,6000,79.1511,0.15757,119.1565,-42.2249,69.3397,52.8251,6.8274,0.0,55.0,0,0,1,1,0
VIRTUAL-0156,1,40.4274,13.4511,95.9982,9403.7684,13462.6986,44.9228,0.13197,190.4434,-39.9549,92.0674,63.0451,12.2154,120.0,65.0,0,1,0,1,0
VIRTUAL-0157,0,48.6669,17.5103,75.2784,10840.1213,17615.8482,53.622,0.82033,205.8859,-48.7399,96.7547,85.0884,12.9917,240.0,65.0,1,1,0,1,1
VIRTUAL-0158,1,45.7017,17.0714,135.8737,17839.0019,29993.1533,18.6025,0.39313,283.788,-54.7576,66.2639,86.6357,17.0942,96.0,55.0,0,0,1,1,1
VIRTUAL-0159,1,27.6601,14.6187,63.887,10788.4684,17721.9678,6.5448,0.27382,299.6707,-11.392,59.7077,89.9121,8.5677,96.0,55.0,1,1,0,0,1
VIRTUAL-0160,1,35.4023,11.7284,200.9758,4982.5466,6661.51,60.664,0.06407,131.7666,-32.8141,96.2658,35.2216,9.2091,0.0,54.0,1,1,1,0,1
VIRTUAL-0161,0,32.1561,18.1318,75.1669,17005.7525,25650.934,62.5274,0.76229,197.3376,-23.4929,69.9866,83.2638,14.196,96.0,55.0,0,1,1,0,1
VIRTUAL-0162,1,37.2737,14.9361,162.0782,10204.1567,15795.006,75.0353,0.4471,171.3577,-15.2956,57.6952,45.3071,12.6226,168.0,65.0,0,0,0,1,0
VIRTUAL-0163,1,45.5161,15.6093,175.0457,9258.9426,13412.2966,55.2731,0.08195,191.7707,-14.0263,75.2133,91.0127,12.3267,168.0,65.0,0,0,1,1,0
VIRTUAL-0164,1,58.0841,14.2808,209.6976,12799.8524,19220.6816,35.6775,0.11235,209.725,-39.8913,91.8757,48.9947,13.5262,0.0,54.0,1,1,0,1,0
VIRTUAL-0165,1,51.0122,15.1689,81.2447,14897.6095,23472.8072,76.2352,0.32626,164.8072,-47.683,56.1564,23.7735,13.4017,120.0,55.0,0,1,1,1,1
VIRTUAL-0166,1,47.1732,15.5578,146.1931,6623.2916,9594.2636,68.7095,0.36893,187.0751,-31.9246,69.0056,47.521,11.9173,240.0,68.0,1,0,1,1,0
VIRTUAL-0167,1,37.1252,15.1922,172.9036,5310.1127,8342.7866,26.2957,0.09101,245.236,-39.0634,59.2061,97.009,9.591,240.0,65.0,0,1,1,1,1
VIRTUAL-0168,1,40.8173,17.3829,116.6006,7431.6497,11460.3512,77.7963,0.77893,143.4823,-32.3149,90.7639,53.9797,11.9536,168.0,65.0,1,1,1,1,1
VIRTUAL-0169,1,45.4633,17.5645,88.7241,11598.1593,19153.373,58.9717,0.97541,190.116,-43.1813,78.6276,92.4607,13.7234,120.0,65.0,1,1,1,1,0
VIRTUAL-0170,0,43.2604,13.9535,179.542,13119.7377,19029.8257,14.525,0.37792,309.0022,-55.4316,66.105,56.5716,15.7898,72.0,55.0,0,0,1,1,0
VIRTUAL-0171,1,60.4819,18.8004,104.5839,17210.229,26038.9436,55.1779,0.1138,167.0049,-42.6805,99.209,41.6366,17.0013,120.0,65.0,1,0,1,1,1
VIRTUAL-0172,1,43.5324,16.4451,103.852,9135.8398,13465.5634,75.022,0.25235,112.052,-50.6171,58.553,42.4792,11.7234,168.0,65.0,0,1,0,1,1
VIRTUAL-0173,1,50.9905,12.9205,56.5522,4371.7662,7536.7319,72.1751,0.14082,135.4055,-33.9574,93.5148,91.8932,9.3144,48.0,54.0,0,1,0,1,1
VIRTUAL-0174,1,55.9029,20.8042,78.9598,17817.5866,27881.8911,63.6825,0.54487,197.9605,-25.7886,98.8497,43.6919,17.2425,216.0,65.0,1,1,1,1,0
VIRTUAL-0175,1,28.6666,11.0521,71.9057,6714.4685,10202.8057,21.2005,0.84352,276.3015,-13.5557,77.1055,26.5824,8.7413,72.0,54.0,0,1,1,0,1
VIRTUAL-0176,1,49.7184,14.8887,85.9732,15144.3454,23313.049,16.8631,0.47909,257.5986,-47.3086,84.3004,61.852,14.4364,0.0,54.0,0,0,1,1,0
VIRTUAL-0177,1,28.4089,12.8995,117.7898,6581.0884,8913.5009,26.8876,0.87465,262.9374,-39.3858,77.017,65.726,11.2716,120.0,65.0,1,1,0,1,1
VIRTUAL-0178,1,53.2825,13.344,92.5426,9271.2947,14383.276,85.5953,0.42803,110.0459,-39.1049,84.4234,51.8502,10.6963,24.0,55.0,0,1,1,1,1
VIRTUAL-0179,1,41.8862,11.115,124.7597,6876.6838,10875.9535,60.902,0.55267,190.1087,-23.0261,76.9292,56.0145,9.7145,72.0,55.0,0,0,1,1,0
VIRTUAL-0180,1,46.9453,15.4971,78.9753,13082.8216,20392.8747,48.511,0.92662,207.1597,-26.7569,98.3906,78.1342,13.5069,72.0,55.0,0,0,1,1,0
VIRTUAL-0181,1,49.4576,12.3544,197.373,8121.0,12622.1802,58.3741,0.0663,131.0941,-22.3224,91.9377,29.7896,10.8766,24.0,54.0,1,1,0,1,0
VIRTUAL-0182,1,43.1398,15.912,139.2038,17425.6086,26967.2523,48.773,0.82565,201.1065,-48.7389,61.1575,47.4403,18.0591,96.0,55.0,0,1,1,1,1
VIRTUAL-0183,1,48.8154,18.1384,77.4914,7721.8345,11467.0158,72.5613,0.31356,145.4145,-43.1972,73.6493,47.9016,12.5525,216.0,65.0,0,1,1,1,1
VIRTUAL-0184,1,34.5782,15.5323,138.0048,11325.3002,18329.76,9.6448,0.46616,303.6693,-20.0188,94.869,41.4746,13.8777,168.0,65.0,1,1,0,1,0
VIRTUAL-0185,1,38.2228,15.6972,162.0735,16336.9487,25177.754,41.7571,0.99302,247.4584,-12.9597,60.3674,65.4554,16.7283,120.0,65.0,1,0,1,1,0
VIRTUAL-0186,0,24.4268,10.8105,191.5187,4462.7808,6000,55.5872,0.51404,202.0026,-14.1852,84.4035,64.6911,9.176,48.0,55.0,0,1,1,1,0
VIRTUAL-0187,1,63.3847,21.011,120.6312,17239.3378,26751.2893,74.0795,0.79191,189.1073,-30.372,68.0021,81.6841,16.3728,216.0,68.0,0,1,1,1,0
VIRTUAL-0188,1,29.1535,15.1657,179.5678,15826.1782,24237.997,6.7571,0.34278,290.8423,-42.7945,70.4177,37.0664,15.9427,240.0,66.0,1,1,1,0,0
VIRTUAL-0189,1,29.2986,14.026,188.4448,10666.6169,16376.9961,17.659,0.56481,276.8519,-20.2533,93.8471,21.8631,14.4744,120.0,55.0,1,1,1,1,0
VIRTUAL-0190,1,58.9924,17.2156,87.1619,17137.0252,26138.1824,48.4678,0.55596,199.9671,-35.871,94.7125,29.3919,15.974,0.0,55.0,1,0,1,1,1
VIRTUAL-0191,1,28.6171,12.9103,139.9987,5001.6772,8485.1782,28.3752,0.08135,256.3805,-16.9215,85.1592,94.5726,9.2538,120.0,55.0,0,0,1,1,1
VIRTUAL-0192,1,59.5386,14.8871,89.389,14357.4575,20972.4261,76.0935,0.15791,179.4161,-12.829,75.8718,44.8823,12.1129,24.0,55.0,1,1,0,1,0
VIRTUAL-0193,1,48.9863,18.0419,56.1303,16929.0358,25539.3804,72.257,0.23922,149.1289,-14.4842,62.6267,73.8467,12.4463,48.0,55.0,1,1,0,1,0
VIRTUAL-0194,1,39.9128,14.7702,75.3928,5878.5027,10386.3125,64.4748,0.20702,186.361,-35.1674,74.9604,96.6768,9.7321,168.0,65.0,0,0,0,1,0
VIRTUAL-0195,0,28.537,17.1489,167.4392,12216.3757,18808.877,10.2077,0.43431,337.1327,-38.8058,81.3145,89.0339,17.3221,240.0,65.0,1,0,1,1,1
VIRTUAL-0196,1,27.8661,9.3528,60.4945,4551.9008,7085.0878,14.7092,0.21248,302.48,-25.0363,84.5762,61.9718,4.7855,24.0,55.0,1,1,1,1,0
VIRTUAL-0197,1,52.8386,16.2192,179.9282,15212.1058,24341.0104,62.4725,0.42577,172.8338,-13.0652,72.3514,37.2941,13.3255,24.0,55.0,0,1,1,1,0
VIRTUAL-0198,1,57.3209,17.6434,135.0827,7376.4776,11439.1316,68.7262,0.38991,146.5409,-40.2701,72.1649,86.9081,11.6232,240.0,68.0,0,1,1,1,1
VIRTUAL-0199,0,37.2229,17.8926,69.4367,16652.4311,26435.1674,13.7259,0.44113,247.5843,-41.4953,90.0279,76.7108,14.5176,96.0,65.0,1,1,0,1,1
VIRTUAL-0200,1,70.3909,18.3938,139.655,15103.9205,23809.6251,83.0694,0.11766,114.4911,-29.1796,77.3124,92.8682,13.5859,0.0,55.0,1,1,1,1,1
VIRTUAL-0201,1,45.2063,11.5181,109.4192,5583.4685,8039.0428,52.9616,0.39814,195.447,-40.6991,99.3278,77.3809,8.6742,48.0,55.0,0,0,0,1,0
VIRTUAL-0202,1,14.7501,8.7711,167.6776,4129.3658,6000,11.3753,0.8777,315.9232,-15.5458,93.9566,24.6526,9.6233,0.0,54.0,0,0,0,1,1
VIRTUAL-0203,1,58.7745,14.4398,78.9719,7897.0407,11776.7923,64.0915,0.13245,146.0993,-34.4121,99.4024,72.425,10.8566,0.0,54.0,1,1,1,1,1
VIRTUAL-0204,1,39.4565,13.2678,82.7071,13496.7267,21482.2848,16.7342,0.41511,274.8472,-32.329,56.4419,43.3229,11.3324,48.0,55.0,0,0,0,1,0
VIRTUAL-0205,1,48.6492,12.6266,179.0183,7158.3912,12476.826,20.6184,0.17126,292.2314,-35.3397,98.9933,97.4231,10.2886,24.0,54.0,1,1,0,1,1
VIRTUAL-0206,1,50.6892,20.6633,54.6199,16203.6726,24364.6462,84.2412,0.43995,93.7537,-56.6073,69.8405,79.6682,17.0127,216.0,65.0,0,1,0,1,1
VIRTUAL-0207,0,40.2207,16.696,166.6482,4424.802,8581.7665,82.1871,0.73042,114.7439,-55.9875,84.2076,78.7069,13.0796,216.0,65.0,1,0,1,1,1
VIRTUAL-0208,1,33.6886,16.9954,166.7298,8165.1385,13741.3843,38.813,0.61266,200.2074,-22.0082,91.2806,64.4509,15.1641,216.0,66.0,0,1,0,1,1
VIRTUAL-0209,1,52.4662,19.7624,201.8197,17230.3646,27859.7558,70.1174,0.8411,182.6667,-28.5104,94.3574,60.4584,19.7877,216.0,65.0,0,0,1,1,0
VIRTUAL-0210,1,50.0564,14.2103,171.872,7304.2786,11951.2769,79.0852,0.73034,159.5331,-51.0064,68.8524,99.0143,10.943,48.0,55.0,0,0,0,1,1
VIRTUAL-0211,0,53.8564,16.1782,200.538,17698.9986,27747.1731,50.4469,0.13017,206.0951,-17.3989,89.8559,47.0153,16.2072,48.0,55.0,1,1,1,0,1
VIRTUAL-0212,1,29.5971,10.4039,86.6273,6628.8181,9748.9008,8.1366,0.56543,288.1467,-49.4922,73.913,73.1751,10.9387,48.0,55.0,0,0,0,0,0
VIRTUAL-0213,1,73.1009,18.6286,195.4806,16745.1796,26122.2697,72.3979,0.47247,170.1629,-56.6291,85.8206,98.1607,16.1332,48.0,55.0,1,1,1,1,0
VIRTUAL-0214,1,48.7735,16.4152,131.3238,16100.0829,26762.7046,39.0863,0.86556,269.9992,-34.092,57.5655,85.6473,12.4039,0.0,55.0,0,0,1,1,0
VIRTUAL-0215,0,41.541,15.9981,170.6131,8227.712,13431.1745,62.1124,0.18398,142.477,-24.2963,74.9218,91.5091,13.9177,168.0,65.0,0,0,1,1,0
VIRTUAL-0216,1,37.2151,16.0193,68.9995,11233.6575,16780.4716,51.1204,0.90252,182.6344,-22.9239,91.6232,38.6268,11.1755,96.0,65.0,0,0,1,1,1
VIRTUAL-0217,1,53.498,19.9021,74.5498,15718.9523,24838.3967,56.3537,0.14138,196.6906,-28.1474,81.7507,56.0152,15.1798,168.0,65.0,0,0,1,1,1
VIRTUAL-0218,1,36.1245,16.1447,167.9031,5951.2973,8647.6438,73.2514,0.52868,164.5464,-41.3371,84.3652,59.234,11.9431,168.0,65.0,0,1,1,0,1
VIRTUAL-0219,1,53.4358,17.8349,97.893,9430.9543,14304.1023,66.8893,0.13005,176.3157,-28.7478,99.8737,87.1869,14.0771,168.0,65.0,1,1,1,1,0
VIRTUAL-0220,1,45.6235,16.0574,200.9431,12268.0282,19424.5958,89.6611,0.55239,159.3229,-12.6564,61.8559,33.8695,16.1946,72.0,55.0,0,0,1,1,0
VIRTUAL-0221,1,55.9443,17.4842,198.9849,13432.205,21322.5766,88.8812,0.44601,92.0886,-55.0994,68.3008,99.419,13.8814,96.0,55.0,1,0,1,1,0
VIRTUAL-0222,1,35.0584,15.4418,121.2481,5025.5676,9025.4584,47.2469,0.62004,237.5078,-52.1924,81.5587,58.4614,11.0613,240.0,66.0,0,1,1,1,0
VIRTUAL-0223,1,48.9533,17.1571,152.7435,9419.3899,15799.7534,87.8964,0.14329,75.5321,-10.8926,62.4938,78.5957,12.5425,216.0,65.0,0,1,1,1,1
VIRTUAL-0224,1,51.7024,15.8659,54.0138,11712.8007,17167.659,82.9548,0.71833,160.2502,-43.1512,68.1513,70.0052,11.1621,48.0,55.0,0,1,1,1,0
VIRTUAL-0225,1,12.7757,14.8206,184.2793,5317.131,7164.494,40.5971,0.7809,259.7114,-59.1227,59.1435,43.6345,12.4884,216.0,65.0,0,1,1,1,1
VIRTUAL-0226,1,42.4864,13.1908,192.8454,7440.7932,10465.941,57.1886,0.54931,170.9257,-28.8951,82.9231,74.4484,11.2222,48.0,55.0,0,1,0,1,0
VIRTUAL-0227,1,47.8952,13.9685,172.0442,12117.322,18402.8754,15.8297,0.13939,253.026,-29.4278,73.8616,83.8739,13.5329,24.0,55.0,0,0,1,1,1
VIRTUAL-0228,1,26.9737,14.0953,218.2471,10053.6463,15668.3325,19.6086,0.83112,257.0775,-13.362,75.543,33.5981,12.4376,96.0,65.0,0,0,1,1,1
VIRTUAL-0229,1,25.8886,12.141,57.585,5548.4466,7820.3068,25.6054,0.1684,268.828,-34.3342,75.5252,38.5198,9.0075,120.0,55.0,1,1,1,1,0
VIRTUAL-0230,1,48.2311,12.837,98.1731,11448.6392,17679.6189,11.269,0.14899,235.8452,-33.7011,98.6362,46.9616,10.6873,0.0,54.0,0,0,1,1,1
VIRTUAL-0231,1,57.5588,22.0498,108.1709,16554.9536,25846.2808,82.3777,0.40164,117.31,-21.486,84.0765,75.3085,17.6528,216.0,65.0,0,0,1,1,1
VIRTUAL-0232,1,43.2137,15.8037,79.1563,11606.2442,18725.9068,64.3974,0.96262,170.6595,-29.0844,97.5036,95.1336,13.0209,168.0,65.0,0,0,1,1,0
VIRTUAL-0233,1,50.5464,13.5768,182.1837,7860.3132,10902.0252,84.8356,0.53884,115.1651,-56.482,59.7618,91.7039,10.1316,0.0,54.0,0,1,1,1,0
VIRTUAL-0234,1,35.8309,19.2778,162.2889,14352.0448,21549.6609,32.311,0.89226,260.6805,-28.8957,70.7515,50.7172,16.1541,240.0,65.0,0,1,1,1,0
VIRTUAL-0235,1,27.7631,13.1897,163.8235,4271.2589,6513.0501,58.0988,0.78444,213.5188,-54.6726,67.6476,92.5513,11.8501,168.0,55.0,0,1,0,1,1
VIRTUAL-0236,1,47.0695,13.9108,187.4042,12090.8369,18665.3663,68.2307,0.70803,135.1113,-13.7381,82.7502,52.8047,11.9873,0.0,54.0,0,1,1,1,1
VIRTUAL-0237,0,15.147,16.2588,162.2642,15592.4502,23956.8531,13.282,0.97176,328.203,-10.9042,90.1074,30.0275,15.4807,96.0,65.0,0,1,0,1,1
VIRTUAL-0238,0,25.7213,16.4631,64.3769,14275.3979,23118.2494,69.9989,0.96659,175.7431,-34.3984,75.3517,36.5715,14.7187,120.0,55.0,1,0,1,0,1
VIRTUAL-0239,1,41.425,13.3716,213.9968,4509.1682,7943.385,36.9001,0.22153,216.5451,-16.5984,66.3311,32.043,10.7029,216.0,67.0,0,1,1,1,1
VIRTUAL-0240,1,27.8047,12.9887,208.7369,9073.4384,13503.9945,34.698,0.66481,238.1194,-51.0435,57.9079,42.3127,12.099,96.0,55.0,1,1,1,1,1
VIRTUAL-0241,0,22.3048,15.3657,80.6545,8538.7091,11335.3628,13.751,0.51229,270.3136,-39.2608,58.1729,93.7682,11.9464,240.0,65.0,1,1,1,1,1
VIRTUAL-0242,1,62.5633,22.3175,144.4597,16886.5447,26746.2692,80.0184,0.28876,132.9208,-34.6121,90.8577,79.2141,18.5739,120.0,65.0,0,1,1,1,1
VIRTUAL-0243,1,38.1928,14.8626,93.1344,13315.4085,19987.9084,49.2546,0.76494,214.531,-24.3351,79.3403,70.7412,13.3755,72.0,55.0,1,1,1,0,1
VIRTUAL-0244,0,30.7666,14.778,182.3698,5508.9926,6367.2808,62.0086,0.48594,153.2852,-49.0742,81.2767,88.1343,10.8405,120.0,65.0,1,1,1,1,0
VIRTUAL-0245,1,38.8583,11.7889,117.1432,8816.5913,12428.972,46.4888,0.97844,228.5871,-30.8288,82.1623,38.0843,11.6718,48.0,55.0,0,1,0,1,1
VIRTUAL-0246,1,32.8053,15.3912,123.4443,10215.9817,16092.7223,37.9353,0.23131,234.7754,-12.1946,83.0365,27.2121,12.012,120.0,65.0,0,1,1,1,1
VIRTUAL-0247,1,39.5726,14.3919,74.5417,14279.3975,22459.8376,15.9668,0.97543,299.3814,-32.0067,62.7497,85.1953,10.4439,0.0,55.0,0,0,1,1,0
VIRTUAL-0248,1,45.0174,13.1021,113.0378,10606.8433,15794.0227,71.4486,0.68422,141.3447,-28.4956,86.3322,38.5183,11.8148,0.0,54.0,0,1,0,1,0
VIRTUAL-0249,1,36.7085,15.5771,86.0719,10865.8973,16607.7801,82.5054,0.5165,141.7488,-57.4268,69.8856,22.8609,15.8845,216.0,65.0,0,0,0,0,0
VIRTUAL-0250,0,28.9082,13.9064,84.008,8667.3653,13034.6139,55.2353,0.78099,225.4493,-38.1455,81.1465,64.3054,10.27,96.0,55.0,0,0,1,1,0
VIRTUAL-0251,1,40.633,15.7055,135.3708,13538.932,21259.0069,25.0133,0.99812,282.4262,-45.0824,57.3033,93.562,14.3889,72.0,55.0,0,1,0,1,1
VIRTUAL-0252,1,43.4558,15.3635,126.9144,13446.8646,19563.2891,39.8611,0.87186,236.38,-27.9012,64.2401,46.7892,12.8758,72.0,55.0,1,1,0,1,0
VIRTUAL-0253,1,40.6354,15.9914,208.2516,12713.997,19345.3166,81.5597,0.59556,146.558,-48.2559,61.0093,95.745,13.6032,96.0,55.0,0,1,0,1,0
VIRTUAL-0254,1,56.8984,17.0296,216.9078,17015.2633,28418.6256,39.1686,0.78963,217.7822,-57.7214,80.3744,59.6538,19.0287,72.0,55.0,1,1,1,1,1
VIRTUAL-0255,1,31.8921,11.0044,156.4266,7883.5059,11660.2179,14.1075,0.26549,284.94,-38.2051,57.3486,36.9565,9.9099,48.0,55.0,0,1,1,0,1
VIRTUAL-0256,0,46.079,17.8921,208.4786,9195.5785,13487.9276,69.1089,0.24683,161.2607,-59.4604,75.0963,96.8008,14.0282,168.0,65.0,0,0,1,1,0
VIRTUAL-0257,0,63.1267,23.124,184.552,17757.3428,25699.9499,71.929,0.24642,158.8958,-35.1239,75.9235,76.6769,17.6567,168.0,65.0,0,1,1,1,1
VIRTUAL-0258,1,50.6542,13.2661,155.8375,8960.4733,12478.2786,70.2432,0.4081,153.2512,-47.8595,93.3503,23.3424,11.7417,72.0,55.0,0,1,1,1,1
VIRTUAL-0259,1,48.6178,17.2259,167.8694,14305.4693,22492.0588,72.2356,0.64858,143.687,-36.603,68.0643,68.8939,15.5866,216.0,65.0,1,1,0,1,0
VIRTUAL-0260,1,27.228,9.8939,190.3548,6299.3443,8983.6774,27.3477,0.60495,287.33,-48.3096,65.469,21.8998,9.5361,24.0,54.0,0,0,1,1,0
VIRTUAL-0261,1,30.6938,13.8206,87.7064,4491.7124,7433.0472,57.5887,0.70808,204.7906,-48.2416,78.7456,35.6758,10.8152,216.0,65.0,0,1,0,1,1
VIRTUAL-0262,0,17.541,11.8315,210.9792,7424.5003,10183.8373,6.3543,0.7193,320.1567,-26.9174,73.2796,22.7558,11.5011,168.0,65.0,0,1,1,1,1
VIRTUAL-0263,1,37.5904,14.0531,90.51,10366.4864,15946.071,43.66,0.54456,236.9192,-40.5746,98.1692,61.3848,10.7571,96.0,55.0,0,0,1,1,0
VIRTUAL-0264,1,55.0151,18.2093,90.1407,13253.1653,20796.6586,37.8885,0.61731,246.5508,-45.8322,70.7039,85.186,13.4135,72.0,55.0,1,1,1,1,1
VIRTUAL-0265,1,56.8734,17.6943,54.2705,17000.2689,28124.2997,23.5365,0.85482,308.7234,-53.0743,89.8342,32.9355,17.5034,216.0,67.0,0,1,1,1,0
VIRTUAL-0266,1,11.7048,9.4741,105.427,8458.3304,10485.3533,15.1374,0.67595,293.3144,-11.83,57.0043,23.2975,9.1964,0.0,54.0,0,1,1,0,0
VIRTUAL-0267,0,33.1016,14.646,161.6911,7632.0546,11995.3054,30.2319,0.42509,270.298,-56.8469,93.6126,60.9225,13.5523,216.0,66.0,1,0,0,1,0
VIRTUAL-0268,1,36.9718,12.3945,81.6899,9113.2724,15404.6197,9.5175,0.76193,312.7449,-37.2704,82.332,82.6974,11.3445,24.0,54.0,0,0,1,1,1
VIRTUAL-0269,1,62.326,18.8997,124.6596,17277.8146,26368.4452,63.84,0.285,158.1666,-48.6902,60.9094,78.6735,14.9912,0.0,54.0,0,0,1,1,1
VIRTUAL-0270,1,48.0872,18.099,219.6125,17391.7804,26188.5066,37.9785,0.66707,215.9389,-38.292,82.2209,47.0112,19.2516,120.0,65.0,1,0,1,1,0
VIRTUAL-0271,1,46.6741,13.7614,101.0772,12887.5663,20234.5253,34.4648,0.17881,241.8752,-47.2368,58.5765,33.8742,10.5413,0.0,54.0,0,1,1,1,0
VIRTUAL-0272,1,57.0536,19.6685,86.1299,17839.8392,26687.9322,48.0436,0.10599,193.7676,-18.2568,83.8662,37.7416,16.5203,240.0,65.0,1,1,1,1,0
VIRTUAL-0273,1,31.8326,12.679,175.7425,4828.8368,7838.213,50.007,0.47975,186.239,-16.7822,98.3834,86.4358,9.3267,168.0,65.0,1,0,0,1,1
VIRTUAL-0274,1,24.2162,11.1993,148.4493,4412.0998,7696.9066,11.1177,0.32299,295.9407,-12.5647,93.8719,28.0344,9.1062,120.0,65.0,0,1,1,1,0
VIRTUAL-0275,1,42.3161,17.7067,61.371,15619.1688,24153.9916,40.158,0.78075,224.3258,-42.7659,79.6998,92.5325,14.9843,48.0,55.0,0,1,0,1,1
VIRTUAL-0276,0,39.7455,14.9413,195.5196,11841.5943,17856.5623,80.7248,0.20834,151.0943,-18.9176,59.8971,53.1526,15.8159,96.0,55.0,0,0,1,1,1
VIRTUAL-0277,1,59.5614,17.1353,92.1054,11335.5517,17276.6932,14.3432,0.35907,296.5753,-52.2832,97.0954,77.7331,14.4319,216.0,67.0,0,1,1,1,1
VIRTUAL-0278,1,33.9671,12.6738,76.6748,7329.3024,10824.0244,36.2129,0.49038,229.5675,-43.4108,73.4262,29.8078,10.1912,240.0,65.0,0,0,1,1,0
VIRTUAL-0279,1,32.4953,14.7765,91.4759,4002.7178,7120.4845,49.2235,0.63219,224.3309,-54.4827,89.1082,74.0281,8.771,168.0,65.0,0,1,1,1,1
VIRTUAL-0280,1,40.8726,15.3595,123.591,8746.4775,12347.6631,79.4665,0.50567,129.2982,-13.284,90.8608,83.7153,11.2128,120.0,55.0,1,0,1,1,0
VIRTUAL-0281,1,68.1333,20.3125,212.6438,15460.4167,23668.6643,60.9385,0.63508,171.1302,-36.2225,75.2054,88.1617,19.465,240.0,67.0,1,1,1,1,0
VIRTUAL-0282,1,30.7289,13.7072,212.686,7149.0422,11697.7895,67.1289,0.42356,152.4408,-51.4622,67.9956,28.4168,10.8477,120.0,55.0,0,1,1,1,0
VIRTUAL-0283,1,35.9691,18.3779,209.1026,16249.8239,25507.211,77.0416,0.96031,157.0294,-14.065,66.8526,38.7441,17.2877,48.0,54.0,0,1,1,0,1
VIRTUAL-0284,1,64.1537,17.7653,156.3302,16882.0001,25339.5834,89.0313,0.54311,107.5007,-55.7963,58.2561,35.5661,15.0701,0.0,54.0,1,1,1,1,0
VIRTUAL-0285,1,40.7195,15.5131,128.2273,9888.7089,15806.278,30.9039,0.33811,248.4021,-38.8806,68.6009,57.692,12.3588,120.0,65.0,1,1,0,1,1
VIRTUAL-0286,1,49.4062,17.416,134.4633,13273.0162,19985.4422,68.0432,0.15309,157.0472,-12.1763,96.4141,95.6051,13.4784,96.0,55.0,0,1,1,1,0
VIRTUAL-0287,1,49.0982,19.2688,108.5445,13963.003,21882.6554,73.8949,0.73678,149.1553,-51.546,82.6228,77.0155,13.8471,96.0,55.0,0,1,1,1,0
VIRTUAL-0288,1,25.5475,13.5984,62.9483,5283.1498,7573.2234,12.79,0.72661,309.1655,-27.8731,93.1305,65.3292,10.2641,168.0,65.0,0,1,1,1,1
VIRTUAL-0289,1,53.7606,16.7273,102.2988,8170.9183,13280.0066,72.3833,0.58139,163.2308,-28.9592,64.0287,74.2362,10.3469,72.0,65.0,1,1,1,1,1
VIRTUAL-0290,1,52.2109,15.9275,53.9851,16256.9805,24775.186,40.998,0.64584,239.3153,-17.7814,89.2884,76.2554,14.7593,48.0,55.0,1,0,1,1,0
VIRTUAL-0291,1,15.7251,13.0431,209.1556,6068.4161,9633.648,30.741,0.79559,268.7723,-27.2668,62.9192,27.2474,10.2858,120.0,65.0,0,1,1,1,1
VIRTUAL-0292,0,36.5859,16.383,99.8906,11539.7318,17423.1744,34.5317,0.66636,259.4445,-13.1771,91.1164,99.2876,13.4735,216.0,65.0,0,0,1,1,1
VIRTUAL-0293,1,42.4338,17.9237,65.2931,13350.3335,21080.1007,39.6435,0.66988,241.5487,-34.477,98.8622,60.5211,12.9785,96.0,65.0,0,0,1,1,1
VIRTUAL-0294,0,41.8269,20.5095,205.7303,14897.7344,24763.9197,50.4827,0.34989,188.8223,-59.1444,81.5038,38.3409,18.8847,240.0,65.0,0,1,0,1,1
VIRTUAL-0295,1,48.1178,13.0298,139.678,14642.1018,21354.1714,7.2945,0.76522,299.2024,-52.4052,89.1989,50.4662,15.3173,72.0,55.0,0,1,1,1,0
VIRTUAL-0296,1,47.3733,12.6172,103.2973,8316.9628,13687.5845,86.6192,0.53418,123.5225,-27.6008,80.5068,58.9477,10.3699,0.0,54.0,0,0,0,1,1
VIRTUAL-0297,1,42.602,18.2912,161.8479,17624.9917,25989.8475,10.136,0.26829,253.8065,-42.1536,58.9216,34.4715,16.0789,120.0,55.0,1,0,1,1,1
VIRTUAL-0298,1,26.4221,13.1583,152.0516,4085.7633,6000,58.788,0.63125,179.5347,-19.6982,73.0432,74.0016,8.4417,120.0,65.0,0,0,1,1,0
VIRTUAL-0299,1,46.6019,15.9404,70.3676,7422.5847,10335.2682,83.2298,0.3711,140.8503,-52.93,68.7827,99.3738,10.0409,120.0,65.0,1,1,1,1,1
VIRTUAL-0300,0,39.1759,16.8023,150.5252,5987.8836,8765.6405,46.5291,0.05493,187.5252,-56.7665,62.3612,83.3506,13.5921,240.0,65.0,0,1,1,1,1
VIRTUAL-0301,1,27.7014,14.0487,113.0747,7920.2733,11339.5828,34.3814,0.74965,252.7816,-21.8058,70.047,64.3927,11.4783,168.0,65.0,0,1,1,1,1
VIRTUAL-0302,1,44.308,17.2657,209.991,14343.35,21214.5441,22.8839,0.11384,253.9474,-58.0986,56.2654,57.1115,16.5118,168.0,65.0,1,0,1,1,0
VIRTUAL-0303,0,53.8305,19.0434,200.8274,15032.6002,22176.8682,60.5344,0.12989,143.0933,-28.7892,67.2394,99.4905,16.439,216.0,67.0,0,1,0,1,1
VIRTUAL-0304,1,34.2638,11.913,177.1083,8226.4059,11766.3471,73.3745,0.78769,143.5071,-36.5876,60.3468,24.7225,10.1884,0.0,54.0,1,0,0,1,0
VIRTUAL-0305,1,34.9884,11.197,195.4486,4311.5003,6398.2697,30.1537,0.62015,228.3126,-27.7445,77.8433,69.036,8.4457,24.0,55.0,0,1,0,1,1
VIRTUAL-0306,1,52.7761,16.5837,122.2629,12095.5663,19226.1694,53.8954,0.60191,202.8721,-36.3175,72.0956,80.1557,12.2821,0.0,54.0,0,1,1,1,1
VIRTUAL-0307,1,32.1071,11.0706,82.663,5122.2053,7448.2133,48.2893,0.84494,250.0718,-19.3657,63.1753,91.4987,6.6471,72.0,55.0,0,1,1,1,0
VIRTUAL-0308,0,55.039,17.4187,130.3548,15258.2663,22736.1932,63.3839,0.68578,157.2798,-35.0266,80.0376,75.5428,12.4831,0.0,54.0,0,0,1,1,1
VIRTUAL-0309,1,33.0028,11.6744,191.1563,6207.439,9158.1255,16.5009,0.77609,272.9226,-46.0708,75.2501,67.5363,9.9233,48.0,55.0,1,1,1,1,1
VIRTUAL-0310,1,41.9333,15.6238,150.8855,16604.0434,26940.4565,41.7298,0.89879,228.8893,-18.1679,60.4869,47.9171,16.3211,0.0,54.0,0,1,1,1,0
VIRTUAL-0311,1,55.4809,17.7532,50.1919,14820.9569,21364.0869,29.2391,0.38247,267.1523,-39.0895,83.3051,87.7126,12.3481,48.0,55.0,1,0,1,1,1
VIRTUAL-0312,1,43.0029,16.3158,109.2706,8758.0438,13056.8152,87.3242,0.27894,119.87,-30.3493,81.4723,56.7863,11.0156,96.0,55.0,0,1,1,1,1
VIRTUAL-0313,0,37.6196,12.8284,88.3433,11538.819,18254.9487,18.4839,0.78227,314.5923,-32.04,84.6093,21.2811,12.2381,24.0,55.0,1,1,1,1,1
VIRTUAL-0314,1,45.583,19.1093,122.1193,11684.7623,17517.6668,62.9259,0.17769,193.4562,-20.6263,57.789,99.3769,12.2225,240.0,65.0,0,1,1,1,0
VIRTUAL-0315,1,32.9422,11.904,158.8886,7184.4524,9642.8039,63.1735,0.33374,167.1691,-42.8996,72.1728,72.2068,10.0716,0.0,54.0,0,0,1,1,1
VIRTUAL-0316,1,20.7786,13.3192,129.8457,7487.224,9650.9671,51.7234,0.28878,189.3285,-23.5937,55.4921,57.5892,10.4871,168.0,65.0,0,0,1,1,0
VIRTUAL-0317,1,27.2132,11.5554,139.3212,4748.6745,6000,40.3508,0.05999,249.2306,-12.0736,85.6466,41.1199,7.8969,48.0,55.0,0,1,1,1,0
VIRTUAL-0318,1,32.637,9.3171,126.9792,5242.6234,8585.7856,45.045,0.77642,237.4073,-49.9168,84.8337,25.7137,8.0409,0.0,55.0,0,0,1,0,0
VIRTUAL-0319,1,56.0971,19.4535,97.467,14045.1117,20607.3501,71.3245,0.16599,135.253,-31.6927,64.1901,69.6197,12.8665,120.0,65.0,1,1,1,1,1
VIRTUAL-0320,1,45.5639,12.6335,129.8474,6092.154,10879.7485,71.0676,0.4041,139.7481,-13.2655,93.3164,83.3346,8.065,0.0,54.0,0,1,1,1,0
VIRTUAL-0321,1,48.2286,14.111,112.375,13379.1427,19176.7378,22.926,0.4193,258.9406,-33.5345,56.3358,76.7153,12.4736,24.0,54.0,0,1,1,1,0
VIRTUAL-0322,0,37.1509,15.236,121.6587,8759.3653,13016.3307,56.8836,0.66184,181.8124,-15.1035,63.6724,63.5618,12.0984,240.0,65.0,0,1,1,1,1
VIRTUAL-0323,1,34.1556,10.4372,110.4291,4195.3804,6000,40.132,0.1726,208.006,-25.0907,60.2318,59.3364,7.0675,0.0,54.0,1,1,1,0,1
VIRTUAL-0324,1,50.4614,13.6154,129.4514,10030.0308,15367.6524,27.9498,0.27063,232.411,-58.8143,72.8315,66.8023,12.7285,72.0,55.0,1,1,1,1,1
VIRTUAL-0325,1,33.109,14.3498,111.8577,6162.2644,9536.3946,54.1006,0.3506,204.7637,-38.6066,65.3959,53.6157,8.8578,216.0,65.0,0,1,1,0,1
VIRTUAL-0326,1,50.4545,13.1054,58.4848,12524.3299,17897.8897,7.6499,0.08375,317.0278,-51.5776,92.0681,54.7058,12.4298,0.0,55.0,0,1,1,1,0
VIRTUAL-0327,1,48.5374,12.5406,180.586,11486.6837,17711.9736,40.3401,0.27999,237.6533,-41.5364,78.1143,32.9963,11.8223,0.0,55.0,0,1,0,1,0
VIRTUAL-0328,1,60.5999,16.7212,158.9673,17326.4418,27089.29,37.0085,0.22897,203.3798,-42.3314,80.0577,64.535,16.7439,72.0,55.0,1,1,1,1,0
VIRTUAL-0329,1,42.365,14.6469,150.7557,4964.0316,7877.0221,15.5612,0.43241,272.9682,-52.9295,83.0105,60.495,11.1884,240.0,68.0,0,1,1,1,0
VIRTUAL-0330,0,16.2081,14.1941,60.3213,15940.9845,23570.7233,24.0869,0.88573,251.7052,-23.5031,56.825,28.0975,13.4435,96.0,55.0,0,1,0,1,1
VIRTUAL-0331,1,43.3905,12.0525,106.0917,5455.9469,8110.3805,55.0196,0.3138,188.9453,-46.4627,77.88,98.5253,8.4131,0.0,54.0,0,1,0,1,0
VIRTUAL-0332,1,49.5453,14.9534,215.6291,9135.4467,13672.0492,88.706,0.33349,107.8568,-31.3175,77.1747,28.1983,11.5207,0.0,54.0,1,1,1,1,1
VIRTUAL-0333,0,43.5739,13.995,207.587,10140.1462,15148.2991,17.4902,0.24422,284.4448,-26.7986,85.1991,22.3164,12.3274,72.0,55.0,1,0,1,1,1
VIRTUAL-0334,1,41.8536,10.7103,153.7742,7513.6955,12592.1598,60.872,0.7528,160.7001,-25.2476,64.9832,67.5476,7.5221,48.0,55.0,0,1,1,0,0
VIRTUAL-0335,1,32.4189,14.3573,97.9883,4863.7493,7661.3522,82.1052,0.84458,143.0313,-25.0226,81.8245,26.0127,9.8925,240.0,66.0,0,0,1,1,1
VIRTUAL-0336,1,29.881,15.6373,213.9286,9383.6233,13774.8949,35.3527,0.54986,233.2473,-44.4048,75.4537,95.5297,14.7625,168.0,55.0,0,0,1,0,1
VIRTUAL-0337,1,27.8825,12.8752,108.8697,9924.2515,14609.7547,62.6142,0.8992,216.5988,-10.6716,80.7089,34.9428,11.6637,96.0,55.0,0,1,0,1,1
VIRTUAL-0338,1,32.3712,16.0303,160.0769,11754.7458,16536.9755,9.4071,0.9725,328.5514,-38.2412,86.1472,84.7816,16.4952,240.0,65.0,0,0,1,1,0
VIRTUAL-0339,1,44.6499,19.7304,67.2559,15151.0883,22373.4666,66.3135,0.72634,183.6727,-36.2123,66.0954,83.3143,17.6655,240.0,65.0,1,0,1,1,0
VIRTUAL-0340,1,34.1814,16.3003,131.4526,8027.1913,11061.3195,59.6797,0.85201,216.3054,-48.1744,67.3692,40.0639,13.3679,168.0,65.0,0,1,1,1,1
VIRTUAL-0341,1,42.2369,14.2342,210.5405,12321.374,19586.0926,32.0138,0.73746,249.7285,-23.106,89.1388,25.3355,14.3171,48.0,55.0,1,0,1,1,1
VIRTUAL-0342,1,61.6806,18.1355,152.8097,17313.967,25811.4216,71.5534,0.90787,147.5443,-46.8626,97.078,81.4413,14.8834,0.0,55.0,0,1,1,1,0
VIRTUAL-0343,1,36.6525,15.9235,168.8074,6622.2062,11482.7801,29.2247,0.43197,282.9859,-59.7661,57.6762,89.4055,11.8262,120.0,65.0,0,1,1,1,1
VIRTUAL-0344,1,45.0585,13.94,108.4003,9529.4734,14798.3805,58.6633,0.36115,176.7381,-30.3271,87.8545,39.6922,11.874,24.0,55.0,1,0,0,1,1
VIRTUAL-0345,1,55.8724,16.893,77.364,16480.6783,26057.9145,68.7083,0.79599,176.2553,-21.0855,71.8963,70.9976,14.3253,0.0,54.0,0,1,1,1,1
VIRTUAL-0346,1,44.9081,11.3882,112.6239,7460.6003,11844.161,20.155,0.28517,267.9395,-27.6188,98.2325,73.73,10.1873,48.0,55.0,0,1,1,1,0
VIRTUAL-0347,0,50.8601,18.9706,95.1004,17241.737,26457.5748,70.9954,0.43166,152.491,-55.4241,95.1308,79.9418,18.4582,96.0,55.0,1,1,1,0,1
VIRTUAL-0348,1,26.7302,12.9545,98.2242,4400.1993,9463.5806,54.3622,0.97081,198.3663,-49.4818,75.1965,72.6817,8.1537,96.0,55.0,1,1,1,1,1
VIRTUAL-0349,1,38.4669,12.6954,143.1695,7581.7132,11798.3238,52.4794,0.3172,214.2793,-10.3772,58.2126,89.5458,11.1237,0.0,55.0,1,1,0,0,0
VIRTUAL-0350,1,22.3127,13.378,179.2192,7191.2001,10553.2725,13.3123,0.95992,318.852,-12.9247,68.1973,79.9762,10.7432,240.0,65.0,1,0,1,1,1
VIRTUAL-0351,1,45.8281,14.0111,56.641,7464.784,11709.39,55.8716,0.8688,205.6197,-53.9178,70.7273,60.8909,7.742,0.0,54.0,1,1,1,1,1
VIRTUAL-0352,1,42.4085,13.0979,200.575,10903.9361,15658.9041,6.2554,0.13287,291.3535,-34.4345,95.4624,33.0232,15.1379,24.0,55.0,1,0,1,1,1
VIRTUAL-0353,1,42.5493,16.3576,86.8477,12006.4705,18962.9876,48.2385,0.76999,229.9214,-26.9105,85.3928,88.7138,13.469,96.0,65.0,1,1,1,1,1
VIRTUAL-0354,1,17.0989,11.4769,173.0083,7244.6393,10910.3928,51.2601,0.85639,252.3795,-16.4708,72.014,49.6677,12.1471,120.0,55.0,0,1,0,1,1
VIRTUAL-0355,1,46.7599,14.9122,128.1961,15477.6453,22617.8135,39.4214,0.30808,222.1507,-56.463,92.7446,28.8702,17.6511,96.0,55.0,0,1,1,1,1
VIRTUAL-0356,1,43.0428,14.8998,81.5381,9122.858,16073.6646,55.4075,0.26364,184.9107,-36.352,57.8974,96.8641,8.0334,96.0,55.0,0,1,1,1,1
VIRTUAL-0357,1,52.4518,20.2051,172.6233,14764.0382,22044.2527,65.1435,0.64005,209.605,-50.0263,62.6731,78.4286,17.6998,216.0,65.0,1,0,1,1,1
VIRTUAL-0358,0,33.5317,16.0083,200.5571,12034.7725,19265.5023,24.5591,0.9579,312.0418,-25.3454,83.7788,53.6013,13.2807,96.0,65.0,1,1,1,1,1
VIRTUAL-0359,1,47.0145,12.7504,85.6816,6701.5155,10089.3991,67.4862,0.52288,159.2089,-51.4728,98.8921,39.8248,9.4734,0.0,54.0,1,0,1,0,1
VIRTUAL-0360,0,44.6073,16.5781,70.8146,17191.5324,28178.8663,47.0607,0.42936,218.6266,-34.4828,75.2821,51.2326,15.2198,120.0,55.0,0,1,1,1,0
VIRTUAL-0361,1,67.658,18.5328,51.8631,9209.3552,14388.7951,67.4477,0.38287,148.2323,-57.9196,87.5041,61.2625,14.7248,240.0,67.0,1,1,1,1,0
VIRTUAL-0362,1,49.4112,14.6132,167.2647,9828.7556,15211.0926,27.6264,0.15,221.0592,-55.7791,59.1203,80.7448,12.1565,0.0,54.0,0,1,1,1,1
VIRTUAL-0363,1,54.2693,18.8538,60.9379,14817.6366,22193.7239,84.0173,0.28247,78.333,-47.7231,72.4472,33.6658,13.895,168.0,65.0,0,0,1,1,0
VIRTUAL-0364,1,42.9218,16.678,104.4738,12572.9572,19736.036,66.6961,0.63555,173.2826,-53.4927,72.1474,33.7758,13.6275,216.0,65.0,1,1,1,1,1
VIRTUAL-0365,1,36.4404,15.6164,181.2651,7996.4506,11481.0276,73.7934,0.84534,176.3095,-53.049,71.6501,56.8332,14.3283,168.0,65.0,0,1,1,1,0
VIRTUAL-0366,1,30.7574,11.6923,130.9563,10303.8504,16153.8772,7.0054,0.54948,319.8134,-53.4292,57.6004,22.527,9.9786,0.0,54.0,0,0,1,0,1
VIRTUAL-0367,1,54.6182,19.828,115.6804,15105.5453,23472.48,65.2378,0.42691,139.9272,-43.3519,72.3229,48.2294,16.2022,168.0,65.0,1,1,1,1,0
VIRTUAL-0368,1,42.9739,16.2927,103.7395,14643.1519,21353.2505,81.8476,0.92094,112.3173,-32.7109,80.1978,32.5392,13.1659,120.0,65.0,0,0,1,1,0
VIRTUAL-0369,0,41.8751,17.7177,182.7791,13051.9885,19793.7962,22.778,0.27837,229.9672,-31.3849,65.5247,45.5866,13.4351,168.0,65.0,0,1,1,1,1
VIRTUAL-0370,1,17.9737,16.3034,184.9169,17587.6942,27882.0955,42.3587,0.94327,238.3407,-19.0443,55.4266,48.2567,15.4258,96.0,55.0,0,1,0,1,0
VIRTUAL-0371,1,58.2988,17.9658,100.2433,12618.7861,19362.6296,59.0244,0.17309,158.878,-29.3791,56.0808,96.4139,12.1594,48.0,55.0,1,0,1,1,1
VIRTUAL-0372,1,49.2953,14.8382,141.8079,8479.2543,11570.612,57.0341,0.25678,178.0887,-41.9394,84.9431,69.1187,9.3035,0.0,55.0,1,0,1,1,0
VIRTUAL-0373,0,30.8971,15.7438,184.5283,14090.1893,21069.4704,27.8794,0.93598,266.2067,-27.6711,67.1787,89.3294,15.1073,72.0,55.0,0,1,1,0,1
VIRTUAL-0374,1,50.5532,12.6444,75.5415,9194.7208,13514.0225,53.7466,0.27734,223.7754,-40.8772,82.056,41.5889,10.969,48.0,55.0,0,1,1,1,1
VIRTUAL-0375,1,57.9445,15.3855,157.8709,16431.5686,24426.4817,20.5563,0.31983,295.946,-41.9705,89.2849,42.3979,15.2172,24.0,55.0,1,1,1,1,1
VIRTUAL-0376,1,38.366,15.865,139.8059,8431.3029,13620.8233,75.3693,0.31302,136.5214,-20.2621,67.8914,23.1951,12.5351,216.0,65.0,1,1,1,0,0
VIRTUAL-0377,1,38.6616,12.2358,191.4437,10809.3037,17044.215,7.3768,0.89779,305.2503,-28.0344,68.4632,68.3627,12.2214,48.0,55.0,1,1,1,1,0
VIRTUAL-0378,1,47.6493,16.2259,196.1634,17186.5079,26998.635,28.7687,0.26904,244.7172,-50.6345,84.2725,61.8021,16.6809,0.0,55.0,0,1,1,0,0
VIRTUAL-0379,1,52.6647,11.4141,126.4045,6131.0075,9104.0488,62.3357,0.07188,151.2437,-40.3669,64.1308,89.788,10.0331,0.0,55.0,0,1,1,1,1
VIRTUAL-0380,1,48.0723,17.6186,113.5303,12668.0318,20495.3766,33.1366,0.5968,246.4858,-58.7343,97.2522,34.6449,16.1465,168.0,65.0,1,1,1,1,1
VIRTUAL-0381,1,59.2726,17.515,79.0981,9933.4792,15703.129,88.682,0.6078,130.1021,-42.9458,88.0576,32.8435,13.1167,240.0,68.0,1,0,1,1,0
VIRTUAL-0382,1,40.3391,16.747,175.1554,10026.1556,17235.9357,17.7645,0.13972,288.0218,-56.2441,78.7919,22.0022,14.5911,168.0,65.0,1,1,0,1,1
VIRTUAL-0383,1,47.3076,16.1581,73.8654,16707.8226,24802.1089,65.2582,0.55373,194.3976,-51.4174,99.4726,37.1238,15.6168,96.0,55.0,0,0,1,1,1
VIRTUAL-0384,1,55.1046,14.8712,176.8199,8546.3302,12659.5365,85.231,0.4611,155.7898,-34.8992,97.3898,82.9942,12.9333,48.0,55.0,0,1,1,1,0
VIRTUAL-0385,1,50.8934,20.1791,69.0668,16029.5762,24186.0677,76.1725,0.86249,165.753,-21.3054,95.2693,38.1355,15.7454,168.0,65.0,1,1,1,1,0
VIRTUAL-0386,1,56.0977,17.9335,180.9912,12059.6025,18886.3091,65.7505,0.89793,165.1617,-54.629,60.1777,97.4717,13.9946,72.0,55.0,1,1,1,1,1
VIRTUAL-0387,1,33.5369,11.539,121.4839,4290.4382,7997.9083,48.9893,0.67499,215.2764,-27.1487,89.1964,28.0364,7.2374,0.0,55.0,1,1,1,1,1
VIRTUAL-0388,1,39.6211,15.8959,183.466,4809.5075,8032.4749,81.9896,0.76149,142.4155,-30.0018,95.1417,96.9936,12.1704,216.0,66.0,1,0,1,0,1
VIRTUAL-0389,1,30.9042,13.2084,184.5438,6467.5907,11143.6811,46.443,0.60802,221.3634,-39.491,83.1765,50.8404,12.803,168.0,65.0,0,0,1,1,0
VIRTUAL-0390,0,43.041,17.3392,73.2132,12449.5946,19024.8321,34.1149,0.39288,260.9855,-51.4764,83.1979,22.4052,16.0572,216.0,65.0,0,1,1,0,1
VIRTUAL-0391,1,45.824,14.5514,191.5616,8909.7597,14515.8838,66.0663,0.67787,167.3822,-48.1378,95.2431,71.3522,14.0005,24.0,55.0,0,1,1,1,0
VIRTUAL-0392,1,51.9899,18.9321,177.4692,15560.1079,23574.875,67.8268,0.40526,139.7648,-53.2514,83.4953,73.3451,16.4457,24.0,55.0,0,1,1,0,1
VIRTUAL-0393,1,47.1416,14.8552,118.1291,11826.7494,19735.0197,62.4909,0.74696,202.671,-29.5854,64.5832,67.7729,11.7393,24.0,55.0,1,0,1,1,0
VIRTUAL-0394,1,64.565,17.6127,110.8157,16348.1758,25877.5295,60.5531,0.5191,191.4292,-24.5025,93.6092,94.402,13.8369,0.0,54.0,0,1,1,1,1
VIRTUAL-0395,1,34.9178,15.0035,98.6959,6876.6765,12235.31,16.2852,0.23577,262.205,-21.8588,55.3055,95.842,9.4476,168.0,65.0,1,0,1,1,1
VIRTUAL-0396,1,47.828,13.4857,212.393,6606.7439,9830.0157,62.2831,0.46487,152.9845,-47.6564,93.9563,31.1741,13.7643,72.0,55.0,0,0,1,1,1
VIRTUAL-0397,1,29.9002,9.9993,200.6287,7869.867,11153.4423,8.1925,0.22066,290.2998,-12.5393,59.0331,33.2253,10.2882,48.0,55.0,0,0,1,1,0
VIRTUAL-0398,0,31.7474,16.8507,64.9373,15369.5618,23814.88,61.8339,0.79493,186.6574,-47.6906,86.5276,83.4447,14.3897,72.0,55.0,0,1,0,0,1
VIRTUAL-0399,1,27.6239,16.1262,216.3646,17063.9659,24551.1871,24.1301,0.93669,264.1927,-18.2586,65.2785,29.0677,16.7098,120.0,55.0,0,0,1,1,0
VIRTUAL-0400,1,33.2127,14.1948,119.0989,10236.5047,16741.216,12.1229,0.16868,286.5497,-28.256,64.5222,38.0173,12.0162,120.0,55.0,1,1,1,1,1
VIRTUAL-0401,1,50.523,16.1586,63.9034,13286.412,21691.3418,84.5574,0.7452,142.1215,-39.6192,82.191,45.2838,11.3263,48.0,55.0,1,1,1,0,1
VIRTUAL-0402,1,47.1398,15.5402,125.4903,7059.4092,12370.1247,66.2088,0.8116,190.4151,-42.024,55.4975,63.0066,11.3537,240.0,67.0,0,1,1,1,0
VIRTUAL-0403,1,28.9945,9.6197,189.5391,4222.2641,7351.2133,34.0267,0.83322,281.928,-42.0153,90.2186,27.6422,9.1563,48.0,55.0,0,1,0,1,1
VIRTUAL-0404,0,31.4131,16.9806,215.0952,7569.2749,12883.6442,26.8238,0.14396,237.1394,-44.4799,63.5295,44.9938,14.2339,216.0,65.0,1,0,1,1,1
VIRTUAL-0405,1,12.6563,14.3945,210.7591,6580.3772,7535.8151,10.9685,0.33157,253.4842,-44.5001,90.5422,40.8966,13.0528,168.0,65.0,0,0,1,1,1
VIRTUAL-0406,1,58.4081,16.5296,79.3897,7868.8071,11396.3013,74.6634,0.1738,130.0683,-18.0732,85.8994,79.0795,12.5718,240.0,68.0,0,1,1,1,0
VIRTUAL-0407,1,52.4303,17.2131,181.511,11467.0374,17921.0425,43.9486,0.42109,222.2609,-48.7742,84.396,55.3037,15.5685,216.0,67.0,1,0,1,1,0
VIRTUAL-0408,0,28.2975,18.4727,63.2342,14065.6264,21326.3407,16.1159,0.77232,281.4527,-26.5675,89.6676,57.7443,14.6625,240.0,66.0,1,1,0,0,1
VIRTUAL-0409,0,18.624,13.9682,100.6504,12756.5668,20629.651,9.2663,0.70962,310.7798,-13.7678,89.0208,36.5116,12.311,120.0,65.0,1,1,0,0,1
VIRTUAL-0410,1,32.856,15.173,89.7161,4871.512,7623.0798,53.7003,0.43807,188.6164,-18.7528,55.3846,96.6888,9.2061,240.0,65.0,0,1,1,1,0
VIRTUAL-0411,1,52.5526,13.1436,55.4166,8086.4761,11453.9531,35.6577,0.14826,214.6538,-41.8264,92.391,96.8301,8.1165,0.0,54.0,0,1,1,1,0
VIRTUAL-0412,1,52.1289,15.1329,117.5301,7150.5235,13087.0856,38.9036,0.19011,224.3824,-37.0491,64.4623,74.5579,12.2473,240.0,68.0,0,1,1,1,1
VIRTUAL-0413,1,63.9438,15.6489,192.6323,12744.6504,19542.3496,80.6327,0.14806,134.4912,-21.3331,97.9245,60.1759,14.2826,48.0,55.0,1,1,0,1,1
VIRTUAL-0414,1,52.0031,16.1093,110.7461,14398.7238,22111.9034,63.559,0.63768,178.0894,-15.6243,61.5089,78.0202,14.4014,72.0,55.0,0,1,1,1,0
VIRTUAL-0415,1,38.6328,16.9325,72.4298,16643.1559,26174.8092,28.8742,0.58857,275.1448,-10.6301,86.429,36.2941,13.6971,96.0,55.0,0,0,1,1,1
VIRTUAL-0416,1,34.0191,11.3434,190.5479,6119.6793,9068.1734,20.1387,0.51664,286.0061,-37.7808,83.4251,30.9904,11.264,24.0,55.0,0,1,1,1,0
VIRTUAL-0417,1,65.9679,17.0886,144.6879,15976.0967,23766.0453,88.8826,0.62854,107.263,-55.3809,79.1655,87.3635,14.1318,0.0,54.0,0,0,1,1,1
VIRTUAL-0418,1,47.2423,15.2957,151.1717,13880.5806,21956.7189,8.4025,0.37718,313.8283,-12.7644,58.6446,78.0067,14.5904,24.0,55.0,0,1,1,1,1
VIRTUAL-0419,1,26.231,10.3077,209.5373,7043.5576,9921.6117,18.9286,0.55146,285.7847,-23.694,75.2254,32.617,10.914,0.0,54.0,0,1,0,1,1
VIRTUAL-0420,1,38.3654,15.699,69.766,11848.5522,18876.8883,16.4404,0.57492,294.1397,-16.8751,68.8519,52.5383,13.8489,240.0,67.0,0,1,1,0,0
VIRTUAL-0421,1,47.5764,17.227,197.9412,17806.4256,27130.8263,23.5479,0.44589,261.6691,-56.6052,96.5274,37.4304,18.3872,24.0,55.0,1,1,0,1,1
VIRTUAL-0422,1,44.2574,13.8213,85.235,14808.4017,22688.7116,36.8644,0.46131,225.3999,-29.0333,97.5719,70.5329,10.733,0.0,55.0,0,1,1,0,0
VIRTUAL-0423,1,50.7917,13.6191,146.3686,5953.5789,9338.0978,77.6306,0.79878,140.939,-53.5617,96.0757,98.5311,10.5556,0.0,55.0,0,1,1,1,1
VIRTUAL-0424,1,46.8212,12.6409,90.5259,6062.172,9195.2404,31.5426,0.16092,245.4547,-40.3823,97.1699,74.3914,7.6729,0.0,54.0,1,1,1,1,0
VIRTUAL-0425,0,56.1394,22.5476,182.3522,17647.5928,24846.6352,53.2918,0.33837,204.055,-22.9078,92.4918,84.9857,19.5858,240.0,66.0,0,1,1,1,1
VIRTUAL-0426,1,43.2523,16.1548,160.187,9895.5143,15899.8331,77.5532,0.33727,151.5155,-36.354,73.2238,39.1484,13.1081,168.0,65.0,0,1,1,1,0
VIRTUAL-0427,1,30.2706,13.8133,187.7355,6738.0938,11000.4654,19.9238,0.48135,255.5075,-54.5424,87.4161,44.3656,13.0835,240.0,66.0,0,1,1,0,0
VIRTUAL-0428,1,37.4293,14.7926,111.6938,6739.2502,9190.1335,53.0408,0.76085,211.3836,-21.0844,94.6344,92.2328,11.5998,168.0,65.0,1,0,1,1,0
VIRTUAL-0429,1,39.6729,11.4502,173.4534,4024.857,7007.0831,58.5585,0.06633,165.2613,-25.5057,58.5471,63.1347,7.348,24.0,55.0,0,1,1,1,0
VIRTUAL-0430,1,48.6252,14.6063,158.403,8516.4765,12498.2646,76.2636,0.10241,140.4018,-31.8725,82.8802,63.7161,9.8486,72.0,55.0,0,0,1,1,0
VIRTUAL-0431,1,42.5587,11.9285,110.5243,8281.5644,14137.3617,16.1114,0.25146,286.9964,-44.4521,60.8956,78.1542,10.9819,0.0,54.0,1,0,0,1,0
VIRTUAL-0432,1,37.7703,12.1561,180.4118,6700.448,9238.9669,34.8027,0.87295,261.1418,-19.3309,94.3298,80.1449,10.7863,24.0,55.0,1,1,1,1,0
VIRTUAL-0433,1,46.5064,12.1755,85.0422,6898.0529,9953.8773,86.5264,0.24647,125.8444,-33.1254,55.9476,47.0709,8.9022,24.0,55.0,0,0,1,1,0
VIRTUAL-0434,1,28.16,12.659,54.853,4729.3513,7451.8202,73.1999,0.99886,182.0008,-28.4796,69.025,91.0711,7.611,120.0,55.0,0,1,1,1,1
VIRTUAL-0435,1,37.0904,15.3206,192.0875,8138.8241,11853.473,20.8777,0.06117,268.9714,-38.7271,66.7389,58.894,12.6463,216.0,65.0,1,0,1,1,1
VIRTUAL-0436,0,29.6524,14.5573,180.7977,6372.6307,10335.2891,21.9204,0.4697,265.0531,-35.1387,63.0172,88.524,11.963,216.0,66.0,0,1,1,1,1
VIRTUAL-0437,1,52.9027,16.1853,106.8729,16663.243,25046.7166,50.1938,0.52556,198.4578,-17.4218,61.4208,78.5822,15.4018,24.0,55.0,1,0,1,1,0
VIRTUAL-0438,1,56.9233,14.9425,163.0566,9598.1292,15258.7313,73.6112,0.7396,149.6186,-52.0165,96.5534,97.6714,12.7315,0.0,55.0,1,0,1,1,1
VIRTUAL-0439,1,53.3041,15.7947,135.9774,10878.4655,17328.1687,58.3503,0.33745,139.9412,-30.2421,94.892,53.9355,13.3049,72.0,55.0,0,0,1,1,1
VIRTUAL-0440,1,56.3189,18.1043,103.9653,8481.04,13749.5903,50.417,0.73388,201.478,-17.0588,93.5494,99.0082,13.7998,240.0,67.0,0,1,0,1,1
VIRTUAL-0441,1,38.9362,17.679,74.8123,12622.5919,20506.6679,54.0219,0.78426,218.0566,-21.8467,72.0054,47.5095,13.1313,216.0,66.0,1,0,1,1,1
VIRTUAL-0442,1,47.0249,13.2011,206.1036,6146.2915,10134.2311,63.7782,0.05319,179.8096,-13.9471,76.1123,49.3135,7.9562,0.0,54.0,1,1,1,1,1
VIRTUAL-0443,1,63.651,19.4047,167.418,17612.5202,27414.3341,83.156,0.11304,93.4016,-24.303,86.3954,85.2936,16.3109,168.0,65.0,0,0,1,1,1
VIRTUAL-0444,1,47.907,17.6421,207.9262,17125.169,24616.9352,58.5329,0.79536,173.7659,-50.6222,99.0864,80.5763,18.2399,96.0,55.0,1,0,1,1,0
VIRTUAL-0445,0,35.3205,11.2864,70.0946,5709.9917,9751.767,80.5476,0.89738,198.0731,-40.1539,78.6698,23.1821,7.8208,0.0,54.0,1,0,1,0,1
VIRTUAL-0446,0,36.1878,12.5199,128.5305,5811.7049,9787.396,78.5696,0.40881,138.007,-13.1141,94.6721,65.3982,9.4511,96.0,55.0,0,1,1,1,0
VIRTUAL-0447,0,34.313,16.5166,157.4826,14174.0793,21229.3008,14.8095,0.60746,279.6017,-55.1181,59.7411,47.9916,16.4637,216.0,65.0,0,0,1,1,0
VIRTUAL-0448,1,24.122,10.011,211.7953,4152.6771,7469.5979,42.4691,0.82001,240.6477,-27.6109,55.4817,29.7185,9.4287,24.0,55.0,1,1,1,1,0
VIRTUAL-0449,1,50.9012,13.7831,116.7377,12274.0972,18773.3175,7.0288,0.15441,262.8397,-58.5092,57.6284,66.9067,13.3815,24.0,55.0,0,1,1,1,1
VIRTUAL-0450,1,52.2938,19.2486,169.4162,13427.3931,20890.6811,40.9712,0.9792,236.0462,-13.6209,98.4233,55.3531,16.6303,240.0,67.0,1,1,1,1,1
VIRTUAL-0451,1,49.9032,16.1617,188.4694,13655.3132,21892.3671,35.7226,0.11753,227.0029,-17.7158,59.177,67.0239,13.6633,0.0,54.0,1,0,1,1,1
VIRTUAL-0452,0,34.4975,14.7019,53.2523,13119.4779,19704.7618,31.7316,0.58844,237.6059,-22.7552,87.9444,51.2647,11.1485,120.0,55.0,0,0,1,1,0
VIRTUAL-0453,1,31.021,15.6283,177.1196,10335.3514,17631.3198,25.7045,0.63909,292.7353,-32.6583,73.3483,43.7459,15.0834,168.0,65.0,0,0,1,1,1
VIRTUAL-0454,1,45.2478,17.6472,161.3761,15372.7223,23175.7344,26.0747,0.96625,264.6823,-49.9332,61.3969,80.1932,15.025,48.0,55.0,1,0,1,1,0
VIRTUAL-0455,1,55.8852,17.1643,130.7501,16470.8668,24248.722,48.3005,0.95244,216.1806,-40.9714,89.4503,87.0866,14.0104,0.0,55.0,0,1,1,1,1
VIRTUAL-0456,1,49.509,13.0268,92.1287,4565.5893,7466.2989,54.807,0.06564,173.6965,-36.4615,72.631,95.3717,7.4327,72.0,55.0,1,1,1,1,1
VIRTUAL-0457,1,39.7639,14.6091,125.531,11132.2289,18346.6513,32.7716,0.36195,265.1839,-56.3872,60.0343,80.8726,12.8105,120.0,55.0,1,1,0,1,1
VIRTUAL-0458,1,43.361,13.1039,187.4855,5643.9541,8050.8138,30.5317,0.64969,260.672,-45.9912,89.4289,53.0501,11.8741,240.0,68.0,0,1,0,1,0
VIRTUAL-0459,1,36.6412,14.1503,75.9904,8345.3695,13030.3837,79.0324,0.49587,137.1658,-30.4982,75.6825,37.4204,10.3128,96.0,55.0,0,1,1,1,1
VIRTUAL-0460,1,65.0892,19.2088,98.5441,13589.0825,21300.3921,76.4433,0.63336,140.4897,-47.5057,91.6916,69.4367,14.4554,72.0,65.0,1,1,1,1,1
VIRTUAL-0461,0,41.5498,17.67,177.2378,13226.4617,21514.8997,10.0652,0.86881,316.8323,-56.8457,92.0572,79.7815,16.9967,120.0,65.0,0,1,1,1,0
VIRTUAL-0462,1,44.6443,14.1479,73.6091,12190.8222,16940.2243,33.2311,0.92439,260.2455,-29.8471,74.8612,92.1027,10.923,0.0,54.0,0,1,1,1,1
VIRTUAL-0463,0,14.4557,16.8964,154.3087,15415.4508,23856.4044,55.8902,0.83336,202.368,-54.2092,62.4435,77.79,15.3692,96.0,55.0,0,0,0,0,1
VIRTUAL-0464,1,56.4957,18.9808,71.6077,10612.4032,15415.2552,49.1885,0.89472,208.9163,-33.5888,88.9651,85.186,15.5538,240.0,68.0,1,1,1,1,0
VIRTUAL-0465,1,41.9724,14.146,216.7859,9922.0174,15468.722,36.1882,0.23062,214.1037,-50.4428,98.6418,60.4056,13.1946,120.0,55.0,1,0,1,1,0
VIRTUAL-0466,1,32.1551,10.3001,109.9286,4528.821,7102.4691,10.8475,0.6074,293.7003,-11.5361,77.1677,68.4463,6.6731,48.0,55.0,1,1,1,0,1
VIRTUAL-0467,1,37.968,11.5563,204.2391,4882.7203,8611.7449,58.0078,0.38796,191.3545,-28.4433,55.7965,68.4936,8.0742,0.0,55.0,0,1,1,1,1
VIRTUAL-0468,1,35.1619,12.2611,193.8512,4295.2471,7520.6092,63.8269,0.90645,197.3573,-21.8131,69.6123,78.1542,8.0838,24.0,55.0,0,1,1,0,1
VIRTUAL-0469,1,43.6352,11.7294,167.7025,7543.1068,11293.5961,48.8165,0.43811,232.2466,-46.8012,97.9818,22.2629,11.0313,24.0,55.0,1,0,1,1,0
VIRTUAL-0470,1,55.6815,17.7601,65.4831,16679.7876,24622.1881,68.6691,0.19044,182.8125,-14.4922,95.7823,71.9392,13.8618,96.0,55.0,1,1,1,1,0
VIRTUAL-0471,0,30.7036,12.9752,121.7828,6216.998,10835.34,42.0136,0.48796,221.2085,-49.5102,59.2936,49.8426,10.4729,240.0,65.0,0,1,1,1,0
VIRTUAL-0472,1,35.7316,10.2724,194.2051,4822.0712,7016.0848,18.2045,0.33531,263.751,-55.7307,84.3278,34.324,9.9461,24.0,55.0,0,1,1,0,1
VIRTUAL-0473,1,55.4168,14.6435,83.012,13461.7865,20695.6565,34.6386,0.16951,222.6268,-46.9273,61.7265,60.5079,13.7259,72.0,55.0,0,1,1,1,0
VIRTUAL-0474,1,46.0639,17.8789,72.9595,10717.7757,16062.8972,67.4093,0.3997,187.3174,-16.7199,98.2549,34.7623,13.2698,168.0,65.0,0,1,1,1,0
VIRTUAL-0475,0,30.3,14.7319,194.527,15304.9186,22940.5465,40.2859,0.32719,208.4618,-56.113,90.0891,72.0234,16.7881,120.0,55.0,0,0,0,1,0
VIRTUAL-0476,0,42.7129,16.3433,125.3158,13552.6267,20161.5543,68.647,0.23365,157.7999,-22.362,75.1472,55.4709,13.4113,120.0,55.0,0,1,0,1,0
VIRTUAL-0477,1,39.1,13.1832,136.3019,13234.5635,20029.9016,18.6882,0.56523,271.6887,-25.1935,86.5506,24.123,13.5798,72.0,55.0,0,0,1,1,0
VIRTUAL-0478,1,22.198,14.8584,107.5169,8590.8965,12532.7512,5.8251,0.59451,284.4849,-20.4743,79.8872,74.4867,11.4345,168.0,65.0,0,0,1,0,1
VIRTUAL-0479,1,46.954,15.3914,156.4437,12210.3241,18640.5774,13.311,0.25059,289.3561,-26.2791,87.8788,93.7753,13.2767,0.0,55.0,1,0,1,0,0
VIRTUAL-0480,1,41.973,16.23,105.2755,15204.3551,22690.6092,7.061,0.63695,313.6325,-54.1693,76.0992,69.7633,15.1513,168.0,55.0,1,0,1,1,1
VIRTUAL-0481,1,36.9798,14.5268,215.008,12150.7103,18746.7575,30.3527,0.4199,271.1516,-11.7928,97.7295,91.7458,13.4516,96.0,55.0,0,1,1,1,0
VIRTUAL-0482,1,41.4155,12.9543,216.444,12155.5942,17925.4712,48.7143,0.40902,222.3993,-10.3848,60.1515,36.5517,12.4026,0.0,54.0,1,1,1,1,0
VIRTUAL-0483,1,46.6863,13.8939,122.8526,12083.7675,18704.2165,46.5898,0.46154,203.4488,-36.1851,71.8053,28.3438,11.877,48.0,55.0,1,1,0,1,1
VIRTUAL-0484,1,28.1763,13.9035,154.4456,7627.9009,12478.8871,5.7402,0.47567,327.9503,-39.2788,84.0878,46.7697,13.1612,216.0,65.0,0,0,1,1,0
VIRTUAL-0485,0,30.221,16.1333,196.5674,11912.6969,16966.4005,74.5099,0.99721,177.177,-21.0984,60.9383,67.4277,14.0949,120.0,55.0,0,1,1,1,0
VIRTUAL-0486,0,49.0528,15.7035,95.7409,6928.9627,10783.3597,62.7094,0.2302,159.9309,-59.862,88.1974,98.6014,10.5935,168.0,66.0,0,1,1,1,0
VIRTUAL-0487,1,57.1731,16.8732,175.4653,11404.5967,16688.5509,85.6579,0.64023,116.2125,-55.0535,62.676,70.8252,14.7761,72.0,55.0,0,1,1,1,0
VIRTUAL-0488,1,23.4721,11.7667,179.8497,7388.6964,12655.8393,18.7908,0.70607,291.224,-14.5056,66.8459,74.6607,10.2775,96.0,55.0,1,1,1,1,0
VIRTUAL-0489,1,25.9651,11.7445,189.5636,4487.0763,6000,62.215,0.40067,160.9182,-22.2053,83.0802,61.0909,9.9776,0.0,55.0,0,0,1,1,0
VIRTUAL-0490,1,58.0395,19.4075,88.4877,17383.6677,26728.8909,35.162,0.1976,239.8466,-24.7121,89.1895,62.1883,15.5255,0.0,55.0,0,1,1,1,1
VIRTUAL-0491,1,33.3982,10.9865,212.3156,8371.4841,14091.106,54.6478,0.80577,199.6353,-19.642,62.2475,40.8508,12.8977,0.0,55.0,1,1,0,1,0
VIRTUAL-0492,0,58.0252,21.7467,129.2761,17921.7322,26612.5171,58.8186,0.61176,190.6929,-51.3784,87.0603,73.0929,19.7834,240.0,65.0,0,0,1,1,1
VIRTUAL-0493,1,46.3211,16.4944,98.0747,15706.9144,23265.0553,87.1257,0.22736,100.8501,-13.4424,93.0329,64.3796,12.8936,0.0,55.0,0,1,1,0,0
VIRTUAL-0494,1,52.9808,14.2852,167.0956,8764.0236,14127.1727,71.0444,0.1752,164.3817,-34.1669,69.4085,60.0375,10.7652,48.0,55.0,1,0,1,1,1
VIRTUAL-0495,1,49.462,13.4767,63.9385,4808.2649,7988.2087,81.7403,0.07095,153.2872,-25.6848,63.3043,72.4225,6.5676,48.0,55.0,1,0,1,1,0
VIRTUAL-0496,1,37.9311,16.8401,173.6643,15088.9862,21284.1856,33.0488,0.88595,240.145,-10.9527,89.8011,95.8255,17.0536,120.0,55.0,1,1,1,1,0
VIRTUAL-0497,0,23.674,14.9124,156.9011,8960.2591,11611.7126,44.1743,0.49491,220.1023,-44.7512,94.727,27.7047,11.7722,120.0,65.0,0,1,1,1,1
VIRTUAL-0498,1,56.7728,16.5258,53.7965,5355.9956,7768.1178,40.0249,0.26473,206.7303,-52.0116,92.9743,95.6209,12.4628,240.0,68.0,0,1,1,1,1
VIRTUAL-0499,1,52.2406,13.3277,127.101,5504.37,9359.0858,83.152,0.53213,109.0351,-44.2667,68.8636,82.245,7.6719,0.0,55.0,0,1,1,1,0
VIRTUAL-0500,1,36.4864,12.4142,182.689,8172.7117,12460.8019,21.6639,0.44536,247.1843,-13.4806,74.3564,42.7401,10.518,48.0,55.0,1,1,1,1,1
VIRTUAL-0501,1,35.799,12.3121,143.0956,5100.4511,8256.1976,76.8436,0.76272,167.1668,-14.3925,56.9041,82.3812,7.8984,0.0,55.0,1,1,1,1,1
VIRTUAL-0502,1,27.0595,11.7619,179.0902,7639.3622,10933.9904,18.9053,0.24522,287.7797,-41.132,63.5214,73.1183,9.7778,120.0,65.0,0,0,1,0,0
VIRTUAL-0503,1,39.9021,14.8108,114.6997,10091.4776,15120.8284,22.0791,0.1113,271.8631,-16.1172,56.6183,85.637,10.3413,0.0,54.0,0,0,1,1,1
VIRTUAL-0504,1,50.4617,16.3405,192.7522,15017.9087,22648.8841,40.0753,0.29783,197.4555,-27.5548,72.4632,72.3993,15.377,0.0,54.0,0,0,1,1,1
VIRTUAL-0505,1,32.1912,12.4877,154.5715,4221.2936,6000,43.156,0.81414,249.3557,-55.6864,59.5362,79.5069,8.8602,0.0,54.0,0,1,1,1,1
VIRTUAL-0506,1,72.59,20.6525,106.4694,15692.0728,25614.4705,89.8483,0.66547,122.8088,-29.4964,94.2182,21.4441,14.8849,240.0,68.0,1,0,1,1,1
VIRTUAL-0507,1,61.0541,19.532,182.338,17537.6454,28068.8789,73.0742,0.80716,159.5873,-22.8819,77.0883,93.3516,16.8493,72.0,55.0,0,1,1,1,1
VIRTUAL-0508,1,46.4941,15.2956,178.8729,17161.7593,26326.5433,46.8733,0.98111,254.9769,-21.7651,89.1513,39.8046,14.6994,0.0,55.0,0,0,1,1,0
VIRTUAL-0509,1,56.639,13.972,205.4695,13041.6295,19403.4217,63.25,0.27158,174.8801,-16.7983,78.4745,91.9345,14.2469,72.0,55.0,0,0,0,1,0
VIRTUAL-0510,1,37.2635,15.0767,74.3797,9039.3123,13695.9435,50.2665,0.29874,237.4315,-50.2601,82.8005,66.0996,12.3963,96.0,55.0,0,1,1,1,1
VIRTUAL-0511,1,41.7063,17.3616,208.1998,8805.8031,13697.1701,24.5477,0.24918,262.7706,-18.2341,86.1062,94.2472,13.9546,216.0,65.0,1,1,1,1,1
VIRTUAL-0512,1,28.1894,10.3434,68.9849,5580.8719,8769.1101,30.3045,0.59945,241.8426,-15.4771,58.9343,35.9605,7.036,24.0,55.0,1,1,1,1,1
VIRTUAL-0513,1,38.2451,15.061,207.6216,8294.5359,12612.8661,74.2568,0.48902,179.021,-24.3377,86.6425,66.1082,11.7053,120.0,55.0,0,1,0,1,1
VIRTUAL-0514,1,51.8526,14.7554,120.1547,10778.0528,16795.265,77.618,0.54185,131.5212,-43.0382,61.5462,57.5975,9.6515,24.0,55.0,0,0,1,1,0
VIRTUAL-0515,1,35.2789,16.0512,171.4544,12531.5655,19040.6978,53.7928,0.52181,231.6224,-24.0049,77.5068,43.7701,13.5097,96.0,55.0,0,0,1,1,1
VIRTUAL-0516,1,57.0515,18.019,199.422,15135.9342,22513.7459,87.7913,0.29839,80.6799,-17.3097,96.5833,99.7827,16.8545,48.0,55.0,0,1,0,1,1
VIRTUAL-0517,1,48.6478,20.2775,180.9257,16935.984,25054.9923,41.2843,0.98598,239.1823,-51.2806,60.6118,92.9696,19.0513,96.0,65.0,1,1,1,1,1
VIRTUAL-0518,1,38.1973,15.697,138.63,4882.6513,7971.2206,85.426,0.55895,86.8516,-27.7018,88.8397,55.5698,10.7488,96.0,65.0,1,1,1,1,0
VIRTUAL-0519,1,38.7928,12.4659,112.7249,7800.3951,12214.2081,31.0888,0.33266,256.6369,-31.7534,76.7312,24.5505,7.7005,24.0,54.0,0,1,1,1,0
VIRTUAL-0520,1,38.0089,17.2366,208.1209,17778.805,24884.737,52.703,0.94074,217.4955,-59.1968,79.4422,61.2247,18.3453,0.0,55.0,0,0,0,1,1
VIRTUAL-0521,1,36.9768,14.2161,66.1374,12404.3634,19071.6484,47.0788,0.6007,234.4229,-54.4316,58.9864,32.5092,13.0726,120.0,65.0,0,0,1,1,0
VIRTUAL-0522,1,34.6079,21.3391,170.1424,16394.1599,24155.3345,35.365,0.9934,282.0314,-23.3268,63.3572,45.8396,18.5576,240.0,68.0,0,1,0,1,1
VIRTUAL-0523,1,52.8803,13.9895,127.5249,12847.3437,19114.4634,29.9539,0.33155,250.1669,-54.6299,62.0455,67.8427,14.9364,0.0,55.0,0,0,1,1,1
VIRTUAL-0524,1,38.6113,11.9126,184.4145,8105.642,11965.7738,21.2846,0.08562,260.0631,-14.9585,75.6653,67.9827,9.6526,0.0,55.0,1,1,0,1,0
VIRTUAL-0525,1,43.2282,16.2436,176.8094,8937.3564,16732.4534,80.1528,0.61952,149.3009,-25.4922,96.8698,97.3404,14.6791,120.0,65.0,0,0,1,1,0
VIRTUAL-0526,1,21.2248,16.8165,145.8531,14672.963,22519.5115,56.6858,0.47073,167.4993,-12.3974,74.7237,72.8634,16.188,168.0,65.0,0,1,0,0,1
VIRTUAL-0527,1,53.5688,16.4558,127.123,13017.9913,18948.0839,69.7685,0.75939,145.0117,-52.0708,61.455,77.5283,13.826,0.0,54.0,1,1,1,1,1
VIRTUAL-0528,1,60.7112,18.8532,137.0842,14287.2355,20420.9758,89.0554,0.45064,87.9721,-54.3214,64.6167,96.2797,15.1692,0.0,55.0,0,1,1,1,1
VIRTUAL-0529,0,23.0658,17.6798,140.8245,14838.1949,22069.7435,61.574,0.73024,167.674,-28.8811,90.4198,69.3927,15.039,96.0,65.0,1,1,0,0,1
VIRTUAL-0530,1,30.8777,12.7616,207.5878,4050.2894,6000,83.1943,0.49917,118.0659,-17.202,77.4909,88.6812,9.7223,168.0,65.0,0,0,0,0,0
VIRTUAL-0531,1,43.3501,14.1907,194.6726,15839.7169,22765.0271,6.9114,0.56788,340,-25.225,91.3264,33.2817,15.0134,24.0,54.0,0,1,1,1,0
VIRTUAL-0532,1,38.5114,13.4485,129.2645,5556.9292,9063.5947,62.9608,0.63894,194.8331,-39.9574,98.3544,58.9901,11.0553,120.0,65.0,0,1,1,1,1
VIRTUAL-0533,1,46.9674,14.3849,128.4772,12372.8864,20137.6341,18.0833,0.55262,261.1033,-25.9824,81.0124,55.3875,11.1357,0.0,54.0,1,0,1,1,0
VIRTUAL-0534,1,35.9116,12.9599,140.9842,8301.6251,11513.4658,14.0718,0.48433,273.4087,-55.2957,98.4373,48.8152,14.6069,216.0,66.0,0,1,1,1,0
VIRTUAL-0535,1,34.2117,13.9034,134.4632,8097.477,12941.376,9.7434,0.94232,293.7045,-22.8117,92.838,87.8967,12.6445,0.0,55.0,0,1,1,1,1
VIRTUAL-0536,0,26.1735,13.1489,72.0907,5002.0924,7908.1999,39.4198,0.79701,243.6533,-15.7232,68.9747,99.7633,10.0409,240.0,66.0,0,0,1,1,0
VIRTUAL-0537,1,29.3489,15.7497,92.4644,9255.8278,13807.2861,56.6494,0.94976,200.5316,-32.4995,55.2708,54.475,11.0825,120.0,65.0,0,0,1,1,1
VIRTUAL-0538,1,44.1418,13.2882,138.8055,7649.0306,11759.883,51.6785,0.21066,193.6728,-15.3815,69.754,55.7328,9.4387,72.0,55.0,0,0,1,1,1
VIRTUAL-0539,1,41.8338,16.1657,115.378,13167.7066,19994.8393,31.2906,0.27495,227.0005,-43.93,74.2163,89.8933,11.4693,0.0,54.0,0,1,1,0,1
VIRTUAL-0540,1,45.0468,13.6643,213.3666,12329.1127,17224.1005,40.7904,0.90804,193.5274,-30.8791,81.6063,24.2136,14.3022,48.0,54.0,1,1,1,1,0
VIRTUAL-0541,1,62.5749,16.4131,88.5439,15464.8249,23341.221,85.0982,0.47112,137.5527,-11.1468,95.4361,58.7869,13.625,0.0,54.0,1,1,1,1,0
VIRTUAL-0542,1,42.7068,12.5012,158.1924,5106.1043,7402.4666,67.0262,0.16505,147.5175,-45.8531,66.875,64.9529,10.9215,48.0,55.0,0,0,1,1,0
VIRTUAL-0543,1,57.8987,16.6497,64.0187,17000.1156,25785.1452,61.2515,0.95131,188.8747,-56.4749,78.9839,67.9463,16.0084,0.0,54.0,0,1,1,1,0
VIRTUAL-0544,0,37.1392,15.5514,52.6034,8859.9667,13686.5775,49.9382,0.76578,189.7235,-38.1268,57.0931,60.8955,11.7474,216.0,65.0,0,1,1,1,1
VIRTUAL-0545,1,33.5895,15.2736,90.802,7950.948,11443.3864,67.346,0.80955,163.5634,-13.0484,97.8123,87.3935,11.5235,216.0,65.0,0,0,0,0,1
VIRTUAL-0546,1,42.0139,15.9928,126.666,10595.6448,15799.9747,57.7762,0.31267,179.8808,-22.857,56.9396,95.082,12.8421,168.0,65.0,1,0,0,1,1
VIRTUAL-0547,1,30.459,15.7734,61.2369,8533.0735,12932.4107,62.7658,0.95053,186.3347,-59.016,57.2412,51.0115,10.5918,120.0,65.0,1,1,1,0,0
VIRTUAL-0548,1,55.7064,18.9991,170.6484,14825.2293,22170.5147,83.8766,0.55536,164.7782,-58.3194,63.5346,79.8862,17.1219,216.0,66.0,1,0,1,1,1
VIRTUAL-0549,1,43.8211,18.7678,116.6454,17778.4667,28339.8873,88.5102,0.68877,107.8923,-11.3459,59.0669,53.896,14.2195,0.0,54.0,0,1,0,1,1
VIRTUAL-0550,1,50.5573,19.3067,133.5214,12163.811,20129.6606,89.7359,0.53569,97.5465,-26.7509,72.1863,91.3519,12.2191,120.0,65.0,1,0,0,1,0
VIRTUAL-0551,1,30.633,13.7472,144.3656,6355.9561,11050.8576,67.9547,0.4885,167.4895,-49.8631,69.8162,51.301,11.3436,96.0,55.0,0,1,1,1,1
VIRTUAL-0552,0,5.1436,16.1045,185.1267,15123.9027,22739.9201,41.1262,0.97913,262.4438,-22.958,92.5462,20.8599,16.5781,168.0,55.0,0,0,0,0,1
VIRTUAL-0553,1,35.487,14.2958,155.4299,6924.0314,10996.9583,23.4493,0.76698,282.9493,-30.6575,73.6879,93.7386,10.8007,72.0,55.0,1,1,1,1,1
VIRTUAL-0554,1,22.399,12.7485,110.9441,6477.0579,10959.8945,28.0979,0.83477,275.967,-33.8679,66.0537,87.8101,9.7506,168.0,65.0,0,1,0,1,0
VIRTUAL-0555,1,57.5576,17.357,195.8097,9875.1697,16124.5887,54.4871,0.49376,196.1148,-45.3246,79.5407,75.8357,14.5867,216.0,67.0,0,1,1,1,1
VIRTUAL-0556,1,47.9335,13.7442,80.571,8595.7052,12484.4286,82.5544,0.52517,123.9989,-28.7368,60.4961,46.033,9.9295,0.0,54.0,1,1,1,1,1
VIRTUAL-0557,1,63.3834,18.4508,171.0776,9590.6057,13737.2739,85.2412,0.52137,155.1143,-16.4548,99.2402,82.1631,14.6535,240.0,68.0,1,0,1,1,1
VIRTUAL-0558,0,11.759,12.0282,56.9674,4743.4168,6174.7938,19.7518,0.60286,290.1311,-14.3869,81.8171,52.5117,8.9354,240.0,65.0,0,0,1,1,1
VIRTUAL-0559,1,29.0656,13.9126,93.6459,9333.7568,13665.9436,7.001,0.32805,273.2434,-29.5489,73.9245,82.5645,11.1523,96.0,55.0,1,0,1,1,0
VIRTUAL-0560,1,47.9135,12.5242,186.9862,7114.6286,10070.0523,68.3262,0.49339,124.9504,-13.2822,80.7287,99.647,9.9904,0.0,54.0,1,1,0,1,1
VIRTUAL-0561,1,44.9116,14.864,183.5674,10948.6782,17247.8939,34.2382,0.62291,229.4775,-33.3776,81.5145,48.1304,14.6705,72.0,55.0,0,0,1,1,0
VIRTUAL-0562,1,41.9309,15.8291,165.2795,14313.276,21899.5831,24.8727,0.47171,253.7062,-14.8723,84.8107,95.0429,15.8171,120.0,65.0,0,0,0,1,1
VIRTUAL-0563,1,35.2981,11.5884,142.8362,4852.0074,7663.8311,15.2907,0.18901,267.4808,-41.641,91.5934,76.0506,10.3883,0.0,55.0,0,1,1,0,0
VIRTUAL-0564,0,28.9944,13.262,192.9497,5271.4646,9082.3207,58.1915,0.13426,197.1999,-13.8277,84.4224,95.712,9.5154,96.0,55.0,0,0,0,0,1
VIRTUAL-0565,1,35.5258,13.0095,138.5674,11244.67,16995.9198,18.675,0.46523,280.5789,-18.3559,70.551,56.3097,12.8779,24.0,55.0,0,0,1,0,0
VIRTUAL-0566,1,34.0119,12.3436,152.8716,9274.8235,14269.8253,20.6024,0.63083,293.5486,-23.5143,73.649,72.9647,10.6924,0.0,55.0,1,1,1,0,0
VIRTUAL-0567,1,65.9213,19.6977,82.1755,15627.2413,25520.993,80.4442,0.38605,140.3547,-37.0281,94.3836,21.1193,15.3493,72.0,65.0,1,1,1,1,0
VIRTUAL-0568,1,52.2439,19.1725,82.8575,14497.7173,20886.0774,78.3388,0.75134,132.9383,-30.6073,98.9221,82.3177,14.5065,168.0,65.0,0,0,1,1,1
VIRTUAL-0569,1,31.9596,18.0074,146.4746,12976.4857,20465.1075,77.6608,0.32001,131.3784,-39.6281,72.4303,49.088,14.8587,96.0,55.0,0,1,1,0,0
VIRTUAL-0570,1,44.221,14.8687,102.4477,9253.8403,13474.4262,68.3675,0.28496,144.3131,-12.6318,99.0586,75.585,11.3987,168.0,65.0,0,0,1,1,0
VIRTUAL-0571,1,25.6881,13.5669,104.7436,8453.3449,11899.7757,9.3574,0.43632,323.9834,-31.7185,58.8216,44.9866,11.3076,240.0,66.0,0,1,1,1,1
VIRTUAL-0572,1,64.7796,19.281,113.1148,17680.0717,28432.0435,83.5747,0.79426,133.7495,-28.5913,81.3545,56.679,13.9489,48.0,55.0,1,0,1,1,1
VIRTUAL-0573,0,39.5255,13.7939,112.1486,5507.6044,9045.2047,67.9672,0.61572,131.3958,-41.2734,83.0602,65.4913,7.6932,120.0,65.0,0,1,1,1,1
VIRTUAL-0574,0,27.5784,15.4098,206.8841,11221.5669,17429.9056,15.4999,0.65326,302.6988,-19.528,65.4931,67.0225,14.5387,216.0,65.0,0,1,1,1,0
VIRTUAL-0575,1,44.2628,11.8407,76.3062,5463.6399,8786.1536,86.708,0.64528,97.8082,-14.4212,89.6676,61.1985,7.8202,48.0,55.0,0,1,1,0,0
VIRTUAL-0576,1,34.6851,11.966,61.546,11196.1021,16570.9167,7.4842,0.36628,290.5829,-51.9447,58.5865,21.5714,10.2169,24.0,55.0,0,0,1,0,1
VIRTUAL-0577,1,54.8718,16.7481,96.3727,14676.9271,22030.6903,57.5289,0.8969,187.3719,-27.4546,66.8888,92.8238,11.82,72.0,55.0,1,1,1,1,0
VIRTUAL-0578,1,34.9191,14.0709,86.7004,12697.4136,18592.5268,30.847,0.78748,271.5422,-35.6332,94.2041,59.0457,13.2335,48.0,55.0,1,0,1,0,1
VIRTUAL-0579,1,34.4607,10.5389,82.5658,11324.9703,15881.9229,11.8969,0.69056,319.8348,-11.8974,94.0252,35.8423,9.0849,0.0,55.0,0,1,0,1,1
VIRTUAL-0580,1,59.5448,15.4941,94.6687,16273.0008,24948.1283,57.3373,0.28517,219.742,-14.4145,98.4316,43.7506,13.2083,24.0,55.0,0,1,1,1,1
VIRTUAL-0581,1,39.6625,15.025,132.4413,9318.9166,12648.7173,60.6109,0.26391,196.7574,-16.9089,66.8852,67.0171,10.3717,24.0,55.0,0,1,0,1,1
VIRTUAL-0582,0,40.9839,19.1072,131.3246,11424.6306,15289.3045,88.2435,0.58847,82.155,-52.4275,67.0096,84.2173,13.167,120.0,65.0,0,1,1,1,1
VIRTUAL-0583,1,22.7856,13.5061,56.5224,7989.7414,11918.4531,9.2572,0.71127,312.0019,-13.6661,93.717,46.0181,8.4577,168.0,65.0,0,1,1,1,0
VIRTUAL-0584,1,37.5445,21.178,202.0969,15032.5742,21903.4985,81.493,0.1011,97.1297,-43.3853,99.2692,69.9137,18.4442,216.0,66.0,1,1,0,0,0
VIRTUAL-0585,1,40.6377,17.5181,213.8881,10107.7841,16138.9613,56.5517,0.44292,205.4866,-59.5347,62.8381,53.8691,14.839,168.0,65.0,0,1,1,1,0
VIRTUAL-0586,1,34.3092,9.8474,183.021,5841.9939,9303.9118,59.5796,0.27432,178.2924,-46.4211,60.224,22.6787,10.4527,0.0,54.0,0,1,1,0,0
VIRTUAL-0587,1,58.4054,16.9097,65.5849,15683.178,24054.4135,70.7867,0.69906,162.6926,-56.5121,60.4004,46.5558,13.8675,0.0,55.0,1,1,1,1,0
VIRTUAL-0588,1,53.3495,16.0411,129.9608,17473.6031,27102.3464,35.438,0.52179,243.3832,-23.8608,58.5984,50.5166,14.5564,72.0,55.0,1,1,1,1,0
VIRTUAL-0589,1,46.4494,16.164,106.5178,14970.8443,20696.6159,44.6964,0.95243,260.5537,-21.9415,72.1388,93.8306,13.3833,24.0,55.0,0,1,1,1,0
VIRTUAL-0590,1,52.7899,14.1696,184.672,11767.1642,18783.1697,56.0362,0.40869,194.4848,-52.1045,79.9502,27.7369,14.5619,72.0,55.0,0,1,1,1,1
VIRTUAL-0591,1,26.424,13.0917,109.1373,11534.6193,18803.5879,15.4792,0.64296,307.7255,-18.8797,80.5442,43.6259,10.7753,120.0,55.0,0,0,1,1,1
VIRTUAL-0592,1,39.7871,17.4272,198.4976,14506.1911,22430.3941,35.6707,0.59818,235.2606,-51.3792,81.3059,59.3513,15.4501,24.0,55.0,1,1,0,1,1
VIRTUAL-0593,0,28.6325,15.8001,90.2561,12982.6257,17940.3645,29.6918,0.21989,256.0763,-35.723,55.0647,52.0209,12.4132,120.0,65.0,1,1,1,0,1
VIRTUAL-0594,1,51.3785,13.3064,204.6022,10597.8294,15392.3654,54.1705,0.255,192.9985,-52.9047,84.7491,20.1012,12.334,0.0,55.0,0,1,1,1,1
VIRTUAL-0595,1,36.8355,10.7943,204.4553,4861.5672,7344.3521,50.2065,0.26073,212.6996,-38.2817,80.2591,21.9664,10.4914,0.0,55.0,0,1,1,1,1
VIRTUAL-0596,0,42.2717,12.9206,165.9446,5624.4089,8595.3045,67.9152,0.4816,167.8366,-40.9948,92.7476,29.5841,12.0156,72.0,55.0,0,1,1,1,1
VIRTUAL-0597,1,38.2759,11.9411,78.8365,7258.9176,10230.6579,33.6467,0.7659,254.1582,-44.5657,94.9778,64.0238,9.418,24.0,55.0,0,0,1,1,0
VIRTUAL-0598,1,55.2436,17.4875,128.3949,17484.1938,26836.272,42.3777,0.8436,215.6853,-24.8647,74.1405,42.7313,15.9208,24.0,55.0,1,1,1,1,0
VIRTUAL-0599,1,57.4538,17.9165,132.6725,12708.1133,19939.0505,46.5282,0.10372,178.3591,-28.5926,76.9619,82.3246,12.3549,72.0,55.0,1,1,0,1,1
VIRTUAL-0600,1,37.9123,13.3408,198.8904,11139.548,16888.2239,30.7168,0.73787,259.6303,-25.2706,66.206,71.6443,12.5405,0.0,54.0,0,1,1,1,1
VIRTUAL-0601,0,60.9829,17.0498,219.5847,15792.028,24110.5516,75.0129,0.0686,183.1829,-30.4173,85.5237,25.3261,16.8862,0.0,54.0,0,1,1,1,1
VIRTUAL-0602,1,42.7822,20.1547,172.3177,13455.0181,20028.4522,71.1478,0.78586,180.0849,-28.8312,87.0922,36.185,17.0813,240.0,65.0,0,0,1,1,1
VIRTUAL-0603,1,47.8455,14.2792,83.8455,11131.8163,18303.8859,48.0972,0.3068,192.2288,-31.7717,80.255,46.2768,12.0848,72.0,55.0,0,1,1,0,0
VIRTUAL-0604,1,31.2326,10.5976,188.7971,5867.6396,10337.688,33.8061,0.50109,245.2589,-12.8911,67.4186,40.1891,9.8139,24.0,55.0,0,0,1,1,0
VIRTUAL-0605,0,48.2758,18.601,134.59,16578.7945,25513.145,21.4226,0.67012,284.8995,-54.3392,95.3609,38.9984,19.1955,240.0,66.0,0,1,1,1,0
VIRTUAL-0606,1,44.0225,13.0398,219.9952,9157.231,13779.9157,8.9379,0.10888,290.3621,-54.9231,81.1348,46.8985,13.3486,48.0,54.0,1,1,1,0,1
VIRTUAL-0607,1,42.0,13.4357,111.7202,8675.6672,13736.5685,35.7681,0.42143,250.0521,-46.0265,59.827,96.0444,10.4394,0.0,55.0,0,1,1,1,1
VIRTUAL-0608,1,44.0088,12.4496,192.4032,5269.2479,9080.3498,85.1621,0.95629,143.319,-50.823,81.3506,62.8838,9.4716,48.0,55.0,0,1,1,1,0
VIRTUAL-0609,0,12.8099,12.9341,119.2219,7648.9101,9858.0643,32.6342,0.2746,218.4195,-17.8872,70.1575,64.1763,11.3369,168.0,55.0,0,0,1,1,1
VIRTUAL-0610,1,26.4154,12.8796,219.4142,4844.6551,6623.2414,18.5402,0.62938,277.5676,-36.7598,90.8399,57.9123,12.1146,120.0,65.0,1,1,1,1,0
VIRTUAL-0611,1,28.2128,12.5354,81.344,5925.1249,9648.3348,26.7947,0.52128,267.4833,-53.9982,75.044,36.1782,7.9584,120.0,65.0,0,1,1,1,0
VIRTUAL-0612,1,41.6767,14.4695,171.4896,12112.7222,18104.79,48.1375,0.87099,214.7861,-14.6794,61.621,33.6306,12.457,72.0,55.0,1,1,1,1,0
VIRTUAL-0613,1,31.2571,13.3775,214.1867,6344.3108,9719.5655,72.3687,0.46872,159.6299,-45.906,59.354,37.8913,12.0217,96.0,55.0,0,1,1,1,0
VIRTUAL-0614,1,43.7829,13.5714,196.356,10011.9884,15451.7714,30.4713,0.35968,230.3343,-21.8925,63.1389,85.4946,11.8976,0.0,55.0,0,1,1,1,1
VIRTUAL-0615,1,48.7032,19.3119,64.9712,14178.5062,21404.4821,36.0158,0.26867,211.5569,-37.4872,64.4507,74.748,13.6112,216.0,65.0,0,1,1,1,0
VIRTUAL-0616,1,60.4889,20.7595,68.7561,16335.7855,25064.3692,12.7381,0.06763,302.7084,-16.3026,75.715,57.4517,16.5581,216.0,67.0,1,1,1,1,0
VIRTUAL-0617,0,36.3165,18.4,75.7404,17375.7592,24829.567,56.1849,0.47587,178.7097,-15.4428,69.1861,70.9771,16.8745,240.0,66.0,1,1,0,1,0
VIRTUAL-0618,1,40.5964,13.3268,145.1856,9847.0232,14530.1032,64.925,0.10763,121.1259,-16.2982,86.0605,68.3401,9.2731,120.0,55.0,0,0,1,1,0
VIRTUAL-0619,1,64.9555,19.1764,138.1123,15459.8213,25098.354,45.0667,0.54447,226.3741,-27.049,75.7965,84.4435,15.3085,240.0,67.0,1,0,1,1,0
VIRTUAL-0620,0,32.6169,11.4868,129.153,5211.4739,6987.5509,22.3554,0.05624,244.7987,-56.8425,80.8034,93.5366,9.7629,48.0,55.0,0,0,1,1,0
VIRTUAL-0621,1,48.3489,13.5024,124.539,9659.6035,14208.4245,45.6035,0.16074,230.8661,-28.8507,90.8832,61.7624,10.2467,0.0,55.0,0,1,1,1,1
VIRTUAL-0622,1,45.2877,16.2586,83.3781,9068.6564,14035.9748,19.4512,0.83322,325.0496,-47.0993,89.8952,67.5569,11.3873,72.0,65.0,1,1,1,1,1
VIRTUAL-0623,1,26.6971,12.0816,77.5535,7419.4991,12150.45,17.3713,0.69336,289.3561,-54.2833,63.8162,45.0876,8.9013,96.0,55.0,1,0,1,1,0
VIRTUAL-0624,1,42.6614,11.5851,178.7028,6284.6148,10757.6412,30.0992,0.68296,232.2298,-52.8114,90.6625,48.2575,11.3292,72.0,55.0,0,1,0,1,1
VIRTUAL-0625,1,26.9044,13.5574,50.37,6745.4446,12486.8308,18.7479,0.94738,276.9664,-37.9122,69.9761,64.6895,7.8953,96.0,65.0,0,1,1,1,1
VIRTUAL-0626,1,41.3797,14.519,122.0379,10278.9081,16433.4783,88.2072,0.97467,115.7107,-29.4832,97.5971,48.94,13.6318,120.0,55.0,1,0,1,1,0
VIRTUAL-0627,1,56.5099,17.4784,196.0248,17550.2429,27006.6591,26.0178,0.4243,242.6603,-57.2645,60.5601,74.7146,16.2778,72.0,55.0,0,1,1,1,1
VIRTUAL-0628,1,43.8681,17.3055,159.6503,10044.9859,14231.1589,80.1996,0.72092,114.3206,-15.632,76.889,63.3123,13.0432,120.0,65.0,1,1,1,1,1
VIRTUAL-0629,1,19.7397,18.6002,193.2686,14266.6043,21392.9295,49.2055,0.96967,223.9513,-28.7872,63.6495,57.5549,18.2023,216.0,65.0,0,0,0,0,1
VIRTUAL-0630,1,43.8235,12.6821,86.9312,11994.2772,17570.7356,8.6695,0.05911,260.4527,-12.6458,80.0272,36.0302,11.5558,72.0,55.0,0,0,1,1,0
VIRTUAL-0631,0,40.0942,17.9107,130.7911,17039.398,26244.6691,78.1504,0.75806,145.2988,-22.661,99.4816,72.4114,15.0526,96.0,55.0,1,1,1,0,1
VIRTUAL-0632,1,39.5703,16.5202,173.1447,15873.9341,23788.2326,71.3482,0.833,187.3547,-29.2056,65.7404,75.4378,15.4129,0.0,54.0,1,1,0,1,0
VIRTUAL-0633,1,35.9654,13.2792,206.1612,6104.638,9464.8284,75.179,0.60014,143.3288,-28.6418,94.9124,47.5419,9.0075,96.0,55.0,0,1,1,1,1
VIRTUAL-0634,1,47.1153,15.5755,201.0658,14376.2364,22145.375,55.376,0.24079,181.3227,-46.5088,72.2303,30.462,18.3522,168.0,65.0,1,0,0,1,0
VIRTUAL-0635,1,42.5191,15.3425,165.1125,12581.6185,19972.9013,86.4836,0.40438,146.0187,-13.8693,86.3758,30.1787,14.3615,96.0,55.0,0,1,1,1,0
VIRTUAL-0636,1,50.7427,14.1443,52.9997,10772.5942,15840.1329,27.4147,0.25938,253.5658,-53.576,82.5955,83.8786,13.1958,72.0,55.0,0,0,1,1,1
VIRTUAL-0637,1,42.7583,12.769,186.9711,9199.6633,13715.625,31.9477,0.48985,271.3276,-15.0393,81.1846,88.1535,11.5232,24.0,55.0,0,1,1,1,1
VIRTUAL-0638,0,54.9232,18.8295,72.6084,17526.1957,26281.839,44.3625,0.10594,209.997,-37.6591,61.1432,84.765,14.5722,120.0,65.0,0,1,1,1,0
VIRTUAL-0639,1,30.2378,14.0022,175.3875,7619.6358,12015.3456,68.5761,0.85894,181.5226,-53.8442,70.8581,33.5171,12.5879,120.0,55.0,0,1,1,1,0
VIRTUAL-0640,1,49.9383,12.4614,86.2848,4241.7035,7135.7978,81.8277,0.31291,124.3183,-34.4473,90.0146,35.8668,7.3402,0.0,55.0,0,1,1,1,1
VIRTUAL-0641,1,35.4625,11.0869,162.1614,5454.8738,8420.4944,39.5363,0.24404,219.8283,-56.6075,68.8157,33.5885,9.8396,0.0,54.0,0,0,1,1,1
VIRTUAL-0642,1,51.4865,14.1425,186.1937,7748.0157,11586.5168,83.8213,0.79836,109.7,-53.6923,72.1953,56.3686,10.1044,24.0,55.0,1,1,0,1,1
VIRTUAL-0643,1,47.9313,16.5696,110.7903,12955.6509,20969.0292,7.6721,0.96488,318.3748,-53.4276,85.9736,56.3212,17.0243,240.0,67.0,1,1,1,1,0
VIRTUAL-0644,0,32.3268,15.0841,66.1834,13094.053,19337.6235,10.7756,0.98686,307.5834,-21.581,98.4994,26.4188,12.7503,120.0,65.0,1,0,0,1,0
VIRTUAL-0645,1,24.5768,13.124,126.9518,9164.7947,14358.4628,15.8664,0.67821,280.3312,-54.3614,62.0306,30.2522,13.2654,120.0,65.0,1,0,1,1,0
VIRTUAL-0646,0,7.9669,10.8644,192.9078,4928.4819,6291.1602,37.2207,0.68374,214.3107,-30.0431,60.8248,55.0663,9.3294,96.0,55.0,1,0,1,1,1
VIRTUAL-0647,1,48.8726,15.0618,214.4225,10883.4394,15610.2712,62.1478,0.63897,172.2605,-51.2447,78.0023,81.5203,12.5682,0.0,54.0,0,1,0,1,1
VIRTUAL-0648,1,48.8796,15.3783,82.2535,12778.9311,19881.5688,31.052,0.30244,244.594,-25.7993,76.7787,29.067,11.996,24.0,55.0,1,1,1,1,0
VIRTUAL-0649,1,42.3424,16.9966,112.9424,9862.2129,13708.839,49.6523,0.4731,214.6933,-48.5475,59.404,94.95,11.8222,216.0,66.0,0,1,1,1,0
VIRTUAL-0650,1,14.1569,10.1201,120.4135,7044.0091,10605.5442,5.5125,0.82757,320.2515,-25.1976,64.6464,23.4008,8.8636,96.0,55.0,0,1,1,0,1
VIRTUAL-0651,1,62.4583,15.1145,96.7858,12420.5159,19403.8737,54.7666,0.18773,186.125,-57.8519,75.131,63.9232,13.2632,24.0,55.0,1,1,1,1,1
VIRTUAL-0652,0,26.7276,15.8214,187.812,14813.3231,22016.7032,27.1747,0.79371,296.8945,-52.5909,76.7955,46.2098,16.7593,168.0,65.0,0,1,0,1,1
VIRTUAL-0653,1,61.2363,18.1438,195.6629,15879.2015,23233.7582,71.065,0.76791,165.5631,-34.6034,94.1371,39.1076,16.1826,48.0,55.0,0,1,1,1,1
VIRTUAL-0654,0,28.7571,15.2491,104.8114,8538.5822,13467.1173,27.0225,0.94547,257.2547,-14.9773,64.4296,77.2684,11.6387,216.0,66.0,0,1,1,1,1
VIRTUAL-0655,1,39.9409,13.6776,196.2954,11228.0995,18797.6652,9.8456,0.65415,310.0145,-50.4523,63.859,31.1068,15.3796,48.0,55.0,1,1,1,1,1
VIRTUAL-0656,1,29.2771,9.8673,50.7754,4164.7547,6000,19.0418,0.91128,285.8738,-29.764,64.4045,61.0562,5.8111,72.0,65.0,0,0,1,1,0
VIRTUAL-0657,0,35.2558,14.8071,217.4893,10409.3744,15747.3368,66.5523,0.92538,134.8844,-12.7156,80.2295,89.4112,12.5837,96.0,55.0,0,1,1,1,1
VIRTUAL-0658,1,36.8022,12.2525,190.247,4694.3211,8632.7282,74.5433,0.74381,144.5336,-19.5017,68.9088,39.112,10.0497,72.0,55.0,0,1,1,1,0
VIRTUAL-0659,1,62.3098,16.6681,94.9861,17802.3717,28291.3194,44.5603,0.26797,207.2198,-45.9948,66.7839,64.2599,13.4423,24.0,54.0,0,1,1,1,1
VIRTUAL-0660,1,35.0024,16.1292,142.2753,9056.6815,13971.3238,36.7454,0.94952,227.9502,-29.2357,95.5245,94.2315,13.9445,168.0,65.0,0,1,1,0,0
VIRTUAL-0661,1,46.2635,15.6893,147.2237,10941.3062,16843.3624,82.8871,0.55977,127.2074,-20.8026,89.5416,22.9849,11.8932,24.0,55.0,1,1,1,0,1
VIRTUAL-0662,0,38.7391,16.3103,188.9406,17196.375,26517.7289,46.3701,0.17049,246.518,-14.2975,83.4447,59.2239,15.9912,0.0,55.0,0,0,1,0,0
VIRTUAL-0663,1,57.2039,15.2911,145.3244,9042.0578,15284.2641,49.9736,0.60181,194.6415,-19.2462,79.5666,96.0759,10.9744,216.0,67.0,1,1,0,1,1
VIRTUAL-0664,1,20.1072,11.5165,192.3164,4758.7885,8832.4874,6.2134,0.17021,302.2226,-12.5464,84.6188,22.9746,12.3616,240.0,66.0,0,0,1,0,1
VIRTUAL-0665,1,62.6727,16.9555,163.0419,15651.8618,23245.3826,78.2324,0.29849,152.1841,-30.2284,82.8887,44.9863,14.5447,0.0,55.0,1,1,1,1,1
VIRTUAL-0666,1,58.1598,17.6259,182.3662,16738.6288,24376.8967,13.1867,0.15511,283.1928,-47.3105,83.6111,89.1984,17.0047,48.0,55.0,0,1,1,1,0
VIRTUAL-0667,1,42.7661,15.6869,98.4906,8682.6267,13025.3127,72.3479,0.58285,142.7571,-58.8053,65.1794,93.7349,11.3458,120.0,65.0,0,1,0,1,1
VIRTUAL-0668,1,51.5346,19.0942,219.2648,13370.4408,20179.6046,49.6361,0.33149,198.9794,-31.5026,98.5497,99.3352,16.4766,168.0,65.0,0,1,0,1,0
VIRTUAL-0669,1,55.4549,16.4821,54.5566,15287.2633,23078.4999,72.2418,0.59565,165.4906,-33.8833,93.1531,53.2068,11.4439,0.0,55.0,0,0,1,1,1
VIRTUAL-0670,1,38.6109,11.1236,102.3458,4835.8142,6586.3788,89.1875,0.78799,140.4337,-15.6447,83.3059,28.1734,7.764,24.0,54.0,0,1,1,1,1
VIRTUAL-0671,0,36.1811,19.5505,154.1681,15925.8741,24275.6167,30.7615,0.43827,239.3144,-32.7068,84.8981,65.6256,17.6771,216.0,65.0,0,1,0,1,1
VIRTUAL-0672,1,36.1258,10.4016,133.958,5443.3284,9110.6166,7.7826,0.49609,285.6434,-30.5644,75.9647,55.698,8.5108,0.0,54.0,1,1,1,1,1
VIRTUAL-0673,1,43.4235,13.9349,199.3825,8213.3613,12437.575,85.7038,0.92343,121.0615,-10.7897,91.0444,38.8504,9.0557,0.0,55.0,1,1,1,1,0
VIRTUAL-0674,1,44.4515,13.2021,122.442,10364.8029,16275.1449,42.402,0.78714,229.9451,-47.9346,68.5963,45.9139,13.789,48.0,55.0,1,0,1,1,1
VIRTUAL-0675,0,46.5351,17.3599,105.5589,15823.8921,22763.2189,29.0285,0.09687,216.0913,-27.137,79.9039,37.5878,15.759,168.0,65.0,0,0,1,1,0
VIRTUAL-0676,1,33.0456,10.0541,209.0515,4942.5349,8935.9926,26.2738,0.13982,260.7133,-26.7121,57.3461,86.1977,10.5466,48.0,55.0,0,0,1,1,0
VIRTUAL-0677,1,44.9068,17.7663,204.6455,8918.3465,12186.3001,87.7768,0.3483,131.5081,-25.3023,92.9337,95.1638,12.5234,96.0,65.0,0,0,1,1,1
VIRTUAL-0678,1,62.9436,15.2394,174.4605,11502.7341,18082.4459,39.1889,0.18108,237.7817,-38.4759,86.6116,95.6149,13.1326,24.0,55.0,0,1,1,1,1
VIRTUAL-0679,1,32.4566,20.6514,87.7928,16008.9914,24109.6733,69.7071,0.96168,151.5858,-46.3455,56.6797,74.9186,18.3572,240.0,65.0,0,0,0,1,0
VIRTUAL-0680,1,27.1027,13.3368,176.1469,8479.7565,13250.943,9.1005,0.89557,293.9703,-37.7247,80.0204,88.7683,10.9102,120.0,65.0,1,0,1,1,0
VIRTUAL-0681,1,62.3678,18.0004,192.1565,13061.8171,21205.1293,86.6295,0.45511,134.9735,-44.5215,65.8939,55.1374,13.9866,24.0,55.0,1,1,1,1,1
VIRTUAL-0682,0,28.5816,18.6864,52.6949,13330.0824,21064.8436,65.4122,0.76633,187.0857,-42.4476,62.1936,35.0512,13.6568,216.0,65.0,0,1,0,0,1
VIRTUAL-0683,1,50.8756,13.1434,88.5638,5485.9005,8250.2499,36.7128,0.20458,213.0794,-47.169,92.9122,94.166,8.168,48.0,54.0,1,1,1,1,1
VIRTUAL-0684,1,50.9732,16.7827,129.8034,14208.8969,22552.2658,70.5407,0.24771,150.8246,-39.1086,56.0313,64.3488,16.606,216.0,65.0,0,1,0,1,0
VIRTUAL-0685,1,54.3469,18.1131,106.6111,15172.0357,22463.2694,48.7699,0.59115,197.9257,-56.8481,78.3955,32.6214,14.2633,72.0,55.0,1,0,1,1,1
VIRTUAL-0686,1,45.6252,15.9704,194.448,5185.3766,8647.0926,64.5633,0.06069,129.3582,-46.6543,79.4529,89.6884,10.7761,168.0,65.0,0,0,1,1,1
VIRTUAL-0687,1,33.4154,10.933,127.7308,4183.5139,6000,35.8727,0.20728,233.0547,-25.1901,57.5222,41.5433,8.4476,0.0,54.0,1,1,1,1,1
VIRTUAL-0688,1,36.5081,15.1425,131.5517,8559.246,13122.0148,7.8198,0.57788,310.3929,-41.2727,85.4849,97.9248,13.2104,216.0,65.0,0,0,1,1,1
VIRTUAL-0689,1,29.2827,11.0563,142.8666,7527.3998,11184.0247,11.3684,0.39714,266.5987,-27.0339,55.467,75.8543,9.3436,0.0,54.0,0,0,1,0,0
VIRTUAL-0690,1,46.958,16.225,53.8824,6636.0622,10034.5924,83.6683,0.61446,115.8675,-55.1854,74.3869,35.9324,10.7779,216.0,65.0,1,1,1,0,1
VIRTUAL-0691,1,31.6775,11.0551,181.144,4349.813,7152.1649,47.6491,0.78613,206.1008,-57.4379,71.3826,29.438,9.28,0.0,55.0,1,0,1,1,0
VIRTUAL-0692,1,34.8332,15.3266,140.0856,11280.3224,18521.3688,10.0748,0.30995,304.3381,-18.7987,59.8371,99.8241,12.3946,96.0,55.0,1,1,1,1,1
VIRTUAL-0693,1,35.5697,16.9296,138.1747,15701.9801,23494.2471,12.7515,0.288,279.2682,-31.0374,55.7662,31.4243,15.9301,120.0,65.0,0,1,1,1,0
VIRTUAL-0694,1,42.4455,15.1368,95.362,4424.9005,7494.1328,37.4582,0.45475,257.2879,-38.926,84.5854,28.0216,11.7863,240.0,68.0,0,1,1,1,1
VIRTUAL-0695,1,53.0399,15.4023,107.4532,13533.8978,21944.3062,80.1817,0.89693,150.2787,-37.613,59.032,47.0282,12.7792,24.0,55.0,1,1,1,1,0
VIRTUAL-0696,1,45.5058,13.7345,208.7067,7994.5743,12088.0572,65.3122,0.91542,150.7452,-50.5724,71.5969,96.4678,10.8732,0.0,55.0,1,0,1,1,0
VIRTUAL-0697,1,29.7531,15.3681,179.3327,8082.405,12869.5543,28.3288,0.40645,274.8369,-25.5155,89.715,96.0001,13.395,96.0,55.0,0,1,1,1,1
VIRTUAL-0698,1,43.7566,16.0577,55.4134,14324.6956,22976.5411,31.2563,0.70408,288.1305,-52.7206,89.1599,62.2899,14.2028,168.0,65.0,0,0,1,1,0
VIRTUAL-0699,1,58.2962,17.7628,112.5187,13912.853,20763.545,65.1941,0.42107,146.2239,-16.428,74.1884,66.8972,12.8118,48.0,55.0,0,0,1,1,1
VIRTUAL-0700,1,40.9749,15.7717,204.3653,11265.1802,16663.1994,31.9491,0.70865,250.0171,-16.5517,75.1722,83.1077,12.5751,72.0,55.0,1,1,1,0,1
VIRTUAL-0701,1,61.7094,21.6355,163.7366,17819.1052,24981.7599,72.3448,0.38713,127.2409,-53.6472,77.146,49.2844,19.8061,216.0,65.0,0,0,1,1,1
VIRTUAL-0702,1,27.5962,15.1428,85.9286,9572.138,13622.19,6.3953,0.31066,293.7222,-20.7998,58.1577,54.3515,12.8283,216.0,66.0,1,1,1,1,1
VIRTUAL-0703,0,45.3441,14.8592,103.695,10868.1658,16476.8524,59.7402,0.09733,168.149,-24.3625,86.5272,47.6494,11.9358,96.0,55.0,0,1,1,1,1
VIRTUAL-0704,1,32.1375,12.6868,140.3182,9442.8006,12774.9218,56.3562,0.87567,205.2996,-50.5767,67.0368,38.7226,10.4672,96.0,55.0,0,1,0,1,0
VIRTUAL-0705,1,69.4017,18.7374,111.4986,16014.3683,24478.1506,52.4699,0.33377,194.1388,-45.6802,57.7677,69.3124,15.4855,240.0,67.0,0,1,1,1,0
VIRTUAL-0706,1,33.3819,10.486,181.916,7124.0778,11166.2031,29.4081,0.59021,256.9394,-33.9201,60.4675,25.83,11.8322,24.0,55.0,1,1,1,1,1
VIRTUAL-0707,1,26.0607,13.2825,106.7876,8169.5806,10439.5575,32.1161,0.78165,268.3486,-20.1154,84.8703,81.8086,10.329,72.0,55.0,0,1,1,1,0
VIRTUAL-0708,1,36.2744,13.8862,90.6525,5233.4794,8270.5425,81.9549,0.44546,114.1496,-33.444,72.8575,20.0077,7.7975,168.0,65.0,1,1,0,1,0
VIRTUAL-0709,1,53.1765,19.0792,200.5887,17626.8787,28032.9143,53.7025,0.55912,206.4202,-57.2485,94.7705,31.0728,18.7499,120.0,55.0,1,0,1,1,1
VIRTUAL-0710,1,23.9139,12.9843,191.3175,6216.7929,9030.2996,11.3357,0.90397,300.276,-56.0715,81.3913,20.594,13.8641,216.0,65.0,1,1,1,1,1
VIRTUAL-0711,1,25.4535,14.0793,63.6687,8426.1957,12252.5411,21.8359,0.72354,298.7683,-34.7269,62.1226,46.2829,9.8216,168.0,65.0,0,0,1,1,1
VIRTUAL-0712,0,41.7484,18.0324,202.6068,13443.3996,19071.1607,44.2738,0.73936,217.9593,-47.7195,59.3343,69.9844,17.7896,216.0,65.0,0,1,1,1,1
VIRTUAL-0713,1,38.8226,16.0742,210.3463,5735.1333,8569.183,62.1283,0.06746,138.1124,-55.2628,61.6846,41.3387,12.705,216.0,65.0,0,0,0,1,1
VIRTUAL-0714,1,37.1408,10.6535,201.5745,5544.6989,8157.3576,16.3439,0.34487,268.9475,-54.6512,88.0387,29.0149,8.9597,0.0,54.0,1,1,1,1,0
VIRTUAL-0715,1,40.7895,14.3847,123.2464,11133.1083,16953.0847,8.6767,0.69024,296.8845,-33.0551,75.2672,73.0861,11.6638,72.0,55.0,0,1,1,1,1
VIRTUAL-0716,1,40.3881,15.9573,186.9349,13380.2325,19999.4376,67.1378,0.31582,156.0188,-21.0351,96.2842,48.9125,14.2188,0.0,54.0,0,0,1,0,1
VIRTUAL-0717,0,16.9881,13.091,86.761,4799.6036,6381.8173,12.5295,0.28683,289.5159,-15.7888,95.8671,96.9078,9.02,96.0,65.0,0,1,1,1,1
VIRTUAL-0718,1,48.7136,17.1667,185.05,7510.8459,11158.5027,78.8222,0.50819,137.5682,-51.3128,98.9642,65.2059,14.7232,216.0,65.0,1,1,1,1,1
VIRTUAL-0719,1,36.3111,15.3969,172.2968,6190.782,10395.956,38.2761,0.34953,208.3209,-47.746,76.7084,70.1964,12.0226,168.0,65.0,0,0,1,1,1
VIRTUAL-0720,1,46.1287,18.3603,164.0725,13573.4218,21049.1204,28.6093,0.28109,257.9825,-44.5327,64.3663,77.1595,16.5742,216.0,65.0,1,0,1,1,1
VIRTUAL-0721,1,46.5167,14.7122,140.9945,10333.0938,15730.1123,13.6719,0.52978,276.9064,-55.4899,88.0815,99.0668,13.9241,72.0,55.0,0,1,1,0,1
VIRTUAL-0722,1,40.8726,12.3813,170.659,9304.8483,14144.1125,40.1677,0.37668,214.7149,-27.2774,76.5724,39.2089,12.1127,48.0,55.0,0,0,1,1,0
VIRTUAL-0723,1,47.4141,17.2444,55.5887,16996.5037,24107.214,17.2658,0.85488,300.1346,-26.496,88.8031,96.8494,15.4295,24.0,55.0,0,0,1,1,1
VIRTUAL-0724,1,35.2078,13.167,97.0973,5035.3418,7242.3982,51.5576,0.22224,225.6666,-51.3285,96.2261,22.4538,11.1769,120.0,65.0,1,1,1,1,0
VIRTUAL-0725,0,62.6652,16.8651,104.8958,15666.4637,22693.4233,53.8811,0.32207,178.1163,-48.7182,88.6215,48.0656,15.4118,24.0,55.0,0,1,1,1,1
VIRTUAL-0726,0,15.8967,12.3448,158.3452,5993.8659,10657.1759,24.6891,0.89574,303.728,-14.7786,58.6063,56.2235,11.3159,216.0,65.0,1,1,0,1,0
VIRTUAL-0727,1,30.8476,11.7317,184.7592,4828.3142,8198.9829,16.0298,0.95589,300.2008,-14.4071,73.0602,93.1152,6.7369,0.0,54.0,1,1,1,1,1
VIRTUAL-0728,1,24.5267,10.6191,138.9602,7346.6765,8288.9651,35.357,0.65187,238.2828,-21.1112,84.5344,23.7302,9.9171,24.0,55.0,1,1,0,1,1
VIRTUAL-0729,0,32.0419,16.7351,60.4936,14368.4509,21811.8297,19.4734,0.99495,317.3448,-43.9129,85.8931,71.6382,14.7965,216.0,65.0,1,1,1,0,1
VIRTUAL-0730,1,37.4039,10.2421,213.843,5824.5142,9649.875,26.5189,0.20721,243.3612,-31.4248,84.1169,39.2133,9.4991,72.0,55.0,0,0,0,1,0
VIRTUAL-0731,1,44.7184,15.1892,109.7394,13833.8116,21696.495,33.3833,0.49815,265.8889,-59.81,72.3002,32.7536,15.2877,24.0,54.0,1,0,1,1,1
VIRTUAL-0732,1,58.1546,14.6496,106.2419,13916.6058,21399.5628,48.0485,0.23856,189.1167,-51.3362,62.2138,59.2613,14.1357,0.0,55.0,1,1,1,1,0
VIRTUAL-0733,1,49.7077,14.3022,114.8994,12826.0206,18366.3379,86.8472,0.11504,121.6434,-23.631,57.0675,27.829,11.8451,0.0,54.0,0,0,0,1,0
VIRTUAL-0734,1,30.3244,16.3103,57.4758,17605.6122,26444.7819,11.6342,0.80272,307.7524,-10.1575,70.4278,95.0121,12.8134,0.0,54.0,0,1,1,0,0
VIRTUAL-0735,0,30.512,17.2797,213.8256,14298.014,21345.3133,45.6092,0.23454,200.8707,-16.2061,65.406,51.1164,17.1548,240.0,66.0,0,1,0,0,1
VIRTUAL-0736,1,24.8215,15.6855,76.2896,7692.19,11586.1217,7.9696,0.91381,328.6817,-58.6417,57.6404,71.6302,14.1403,240.0,65.0,0,0,1,1,1
VIRTUAL-0737,1,40.2508,17.2771,188.8881,8457.2812,12481.0697,43.8962,0.2259,204.9374,-47.3018,55.8559,48.5937,12.5404,168.0,65.0,1,1,1,1,1
VIRTUAL-0738,0,36.5525,16.8693,67.586,17689.6994,27177.1793,66.4173,0.30564,143.7065,-36.2319,88.3139,21.4212,16.9216,216.0,65.0,1,1,0,0,1
VIRTUAL-0739,1,45.5399,15.699,215.2697,15739.2409,24397.3839,39.8363,0.77263,227.0861,-15.5437,81.621,26.3769,15.6822,0.0,55.0,0,1,1,1,1
VIRTUAL-0740,0,29.3608,14.112,163.0394,6519.4023,8671.9125,23.2898,0.12091,256.746,-43.4664,91.5456,47.6628,12.5622,216.0,65.0,1,1,1,1,1
VIRTUAL-0741,1,48.9056,14.9734,170.443,11934.7762,18552.3668,39.5094,0.94785,258.7882,-56.712,93.802,81.4623,15.9004,72.0,55.0,0,1,1,1,1
VIRTUAL-0742,1,52.4056,17.1212,194.3689,11250.8289,18379.2194,88.2335,0.84031,124.8824,-16.0024,67.0233,98.0475,10.5789,24.0,54.0,1,0,1,1,1
VIRTUAL-0743,1,42.7967,16.3143,74.2795,13307.5758,18835.1836,22.4624,0.42632,278.7191,-35.1644,81.8907,82.5547,13.5202,168.0,65.0,0,1,1,1,0
VIRTUAL-0744,1,38.3455,10.8938,78.9598,4131.8676,7279.3589,85.7777,0.96809,162.8852,-20.3726,97.9585,30.5633,7.5924,0.0,55.0,0,0,1,1,1
VIRTUAL-0745,1,39.3745,15.3402,118.271,8771.2358,14494.8594,72.1269,0.73135,175.2848,-22.3802,89.5268,88.9129,13.0256,216.0,65.0,0,1,0,1,1
VIRTUAL-0746,1,31.5287,11.3909,200.5587,10597.4012,15807.1388,32.3245,0.82013,262.8703,-12.2686,71.5485,45.0693,13.2815,0.0,54.0,1,0,0,0,0
VIRTUAL-0747,1,34.4875,16.5178,144.3919,9762.2354,14784.1807,64.8633,0.97045,192.0894,-46.6148,79.9157,54.9276,12.7312,96.0,65.0,0,0,1,1,1
VIRTUAL-0748,0,37.6422,15.6553,112.2356,11400.1459,16933.0233,77.2116,0.92126,151.3627,-28.3821,71.3506,40.0686,13.499,96.0,55.0,1,1,1,1,1
VIRTUAL-0749,1,53.2893,19.6675,121.4127,15509.5532,23358.3758,36.7719,0.37032,250.2475,-18.8014,90.3558,61.52,15.7936,168.0,65.0,1,1,1,1,1
VIRTUAL-0750,1,52.3678,18.829,177.6482,16727.5484,23725.6065,68.9267,0.49184,109.0968,-56.459,78.1312,56.9882,15.6682,48.0,55.0,1,1,0,1,1
VIRTUAL-0751,1,37.9411,12.4093,170.9114,5876.2322,9450.3964,46.784,0.21939,182.2309,-18.3807,67.2988,45.9143,7.9346,0.0,54.0,1,1,1,1,1
VIRTUAL-0752,1,22.6718,13.0535,71.6117,10426.2617,16166.7715,45.3532,0.75631,236.8716,-15.9018,63.6365,35.0483,11.7472,96.0,55.0,0,1,1,1,0
VIRTUAL-0753,1,29.3017,10.4818,104.4904,4129.2906,6599.8104,47.888,0.72118,210.6087,-15.255,59.6446,62.685,6.6208,24.0,55.0,1,0,1,1,1
VIRTUAL-0754,1,43.0472,15.3703,104.8655,12529.1747,19528.3965,37.3096,0.19765,221.0188,-14.0846,59.1066,57.1722,12.7979,0.0,54.0,0,1,1,1,0
VIRTUAL-0755,0,27.3156,13.7894,122.3099,13137.3174,19332.1581,7.6787,0.42732,322.2253,-15.6455,76.6096,35.2158,14.024,120.0,55.0,0,0,1,1,0
VIRTUAL-0756,0,37.7338,19.85,158.3519,16273.1518,22465.3033,62.3063,0.74654,141.3356,-33.8192,88.5524,78.3911,17.1742,168.0,65.0,0,0,1,0,1
VIRTUAL-0757,1,31.7225,13.0582,179.9973,4405.5164,6204.0231,76.2957,0.96222,160.4402,-39.8387,77.2788,30.3997,9.8882,168.0,65.0,0,1,1,1,1
VIRTUAL-0758,0,52.5394,21.7535,101.3927,16528.925,24150.5113,45.0929,0.60773,197.4399,-38.3742,57.6425,72.0097,16.8809,168.0,65.0,1,1,1,1,1
VIRTUAL-0759,1,33.0509,15.9315,66.2958,10381.9223,16274.507,68.1172,0.783,183.5409,-28.6374,75.8154,38.0255,10.9927,96.0,55.0,1,1,0,1,0
VIRTUAL-0760,1,42.356,16.0295,86.1484,7449.4288,11337.1746,85.9643,0.42337,126.0195,-18.1039,85.2633,33.0982,10.7726,168.0,65.0,0,1,1,1,1
VIRTUAL-0761,1,40.0331,12.8552,127.0047,10834.5484,17326.4956,12.0789,0.53985,318.1556,-49.0743,97.8011,63.9276,11.9192,0.0,54.0,0,0,0,0,1
VIRTUAL-0762,1,43.9492,15.8117,186.0816,15210.6239,22698.3604,50.5281,0.31021,201.3315,-41.7604,83.9273,61.912,15.4931,0.0,54.0,0,1,1,0,1
VIRTUAL-0763,1,53.1376,15.3253,102.981,16473.5162,24825.6935,12.7921,0.29431,289.715,-35.6167,90.6477,36.6271,13.3512,48.0,55.0,0,1,1,1,0
VIRTUAL-0764,1,44.1091,17.8092,196.9359,9439.5746,14737.8203,54.2419,0.06172,168.3478,-44.9923,81.8445,40.7324,16.0574,216.0,65.0,1,1,0,1,1
VIRTUAL-0765,1,24.9722,9.8035,176.5379,4678.8087,7888.4896,13.3436,0.43081,301.1304,-10.72,63.6009,34.1917,8.9076,48.0,55.0,0,1,1,1,0
VIRTUAL-0766,1,55.9092,18.4158,181.8362,16654.776,25492.7184,57.8557,0.15418,182.2456,-42.6868,62.5525,56.0949,17.0898,24.0,54.0,0,1,1,1,1
VIRTUAL-0767,1,47.7101,15.0686,192.9813,13210.9954,20042.9681,83.3368,0.15651,141.8548,-26.8261,58.214,30.0516,14.1712,72.0,55.0,0,0,0,1,0
VIRTUAL-0768,1,47.5607,12.9442,66.0107,6981.3071,9665.536,82.421,0.6777,164.9029,-51.7964,72.9333,91.9138,9.6738,0.0,55.0,0,0,1,1,0
VIRTUAL-0769,1,53.2174,15.2185,72.8683,12096.4034,19309.65,27.7044,0.48067,251.4647,-57.7722,95.5606,82.4768,12.4882,24.0,55.0,0,0,1,1,1
VIRTUAL-0770,1,42.4853,17.3991,80.6443,10993.1882,15611.0959,48.9098,0.05501,178.9479,-11.939,60.9601,83.5728,11.3096,216.0,66.0,0,0,1,1,1
VIRTUAL-0771,1,36.0195,16.5132,154.2758,15216.1772,21633.1888,27.3219,0.90708,278.7182,-21.4435,98.459,61.9828,14.2809,72.0,55.0,1,1,0,1,1
VIRTUAL-0772,0,41.072,19.1067,116.9232,12402.2189,18390.4617,72.3436,0.85749,169.3879,-36.6594,87.6305,21.8128,15.3935,240.0,66.0,0,1,1,1,0
VIRTUAL-0773,1,37.2273,14.2604,80.9209,16455.9396,25392.832,16.3044,0.96213,295.768,-34.9362,93.4014,36.1897,13.9913,96.0,55.0,0,0,1,1,0
VIRTUAL-0774,1,41.267,12.3791,119.0449,8477.074,13020.5298,64.7837,0.75228,172.726,-43.0603,83.3736,45.6819,9.9057,24.0,55.0,0,0,1,1,0
VIRTUAL-0775,0,27.0139,14.3822,137.8251,5781.6602,8660.1234,75.4291,0.99328,186.1134,-19.2426,73.8393,71.9017,10.1391,168.0,65.0,0,0,1,1,0
VIRTUAL-0776,1,43.0107,16.154,192.3159,9042.7968,13580.3825,85.995,0.43698,111.2782,-13.2244,99.9988,70.8369,12.0634,96.0,65.0,0,0,0,1,0
VIRTUAL-0777,1,47.2412,14.151,103.1385,5113.5374,9028.2964,73.4241,0.90996,166.4145,-44.7419,99.8632,94.9112,10.6932,72.0,55.0,1,1,1,1,0
VIRTUAL-0778,1,36.831,11.2807,159.2359,4009.3091,7574.3543,54.746,0.78875,236.9403,-58.5598,56.2428,68.0376,8.3358,48.0,55.0,0,1,1,1,0
VIRTUAL-0779,1,31.4294,10.7969,163.2573,5308.6608,8362.1753,10.0812,0.69657,306.3894,-49.6904,93.6791,40.2932,12.1526,72.0,55.0,1,1,0,1,0
VIRTUAL-0780,1,44.7234,15.85,137.5087,9261.7449,12768.6599,56.3624,0.14459,164.5904,-39.4335,99.9248,27.8941,13.5888,120.0,65.0,1,1,1,1,1
VIRTUAL-0781,1,35.327,16.7583,132.8269,11855.047,18385.0512,32.2358,0.48465,256.8061,-23.0872,62.9374,70.1257,12.248,96.0,65.0,0,1,1,1,1
VIRTUAL-0782,1,28.2928,10.8918,187.6906,9108.7759,13285.1938,7.6903,0.95145,340,-48.2124,70.5639,54.3898,10.2825,0.0,54.0,0,0,1,1,0
VIRTUAL-0783,0,33.4719,19.9566,218.1206,16011.3554,23910.547,27.0672,0.12176,267.1987,-37.9352,81.0959,39.8101,17.8394,216.0,65.0,1,0,0,1,1
VIRTUAL-0784,1,46.6538,15.5265,212.3798,14481.8154,21310.2457,31.5959,0.5354,247.7931,-25.6663,60.4926,54.3482,14.2598,0.0,55.0,0,1,1,1,1
VIRTUAL-0785,1,30.2981,16.1276,146.7217,12354.2762,20143.926,21.5276,0.49732,266.4936,-22.4896,68.6035,35.4953,13.1575,96.0,55.0,0,1,1,1,1
VIRTUAL-0786,1,30.2855,13.4135,179.6066,4672.2737,8780.4158,5.3008,0.16684,282.8865,-25.4717,96.2838,63.6567,11.7356,216.0,65.0,0,1,1,1,1
VIRTUAL-0787,1,59.5554,15.8331,169.1903,11163.7734,18256.9497,87.0058,0.23585,100.0579,-31.1403,83.9223,92.8394,12.9675,72.0,55.0,0,1,1,1,0
VIRTUAL-0788,1,32.958,10.9529,156.6394,4330.713,7338.0283,60.0966,0.87615,184.3602,-13.6877,73.2821,41.3363,6.5175,0.0,54.0,1,1,1,1,0
VIRTUAL-0789,1,47.685,17.9228,132.284,12161.3986,19463.8428,54.645,0.74922,180.4809,-59.4934,97.2965,94.4976,15.8368,168.0,65.0,0,0,1,1,0
VIRTUAL-0790,1,48.6272,16.1507,186.6122,15127.4815,21950.9405,17.4273,0.42171,263.8913,-44.9673,85.3628,97.6921,15.4292,168.0,65.0,0,1,1,1,0
VIRTUAL-0791,1,65.2566,16.4078,88.0536,12943.5494,20036.5785,85.5201,0.214,102.1524,-43.1408,98.8284,56.8372,12.7059,0.0,54.0,1,1,0,1,0
VIRTUAL-0792,1,23.102,9.5716,178.3978,4290.3292,6741.3012,40.0692,0.84815,219.6482,-22.949,62.4707,32.4662,7.1811,0.0,54.0,0,1,1,0,1
VIRTUAL-0793,0,43.5398,15.1192,136.5895,13096.3304,21219.5603,20.6068,0.96761,325.888,-37.0636,63.1776,69.0938,11.8811,72.0,55.0,1,1,1,1,1
VIRTUAL-0794,1,31.6552,11.0147,206.6075,6590.8664,8339.1212,60.6775,0.24048,182.5252,-48.4128,86.6085,24.2521,11.6437,48.0,55.0,1,0,1,1,0
VIRTUAL-0795,0,41.4561,16.7807,215.6515,12236.4868,19444.0873,53.2619,0.83824,201.9551,-57.6001,80.8538,59.9258,15.5176,120.0,55.0,0,1,1,1,1
VIRTUAL-0796,0,20.1202,15.0863,83.3352,16153.3308,23728.94,8.4375,0.72055,296.8543,-48.6049,81.2681,21.0539,15.0582,96.0,55.0,0,0,1,0,1
VIRTUAL-0797,1,58.9912,15.4897,88.8461,15125.5105,23915.3598,28.3225,0.10186,238.9415,-48.7556,92.6704,31.5362,13.3288,48.0,55.0,0,0,1,1,1
VIRTUAL-0798,1,44.7919,12.5545,152.1955,6369.9998,10567.9795,72.6375,0.54401,172.3449,-55.5479,85.7122,37.4579,11.5134,24.0,55.0,0,1,1,1,1
VIRTUAL-0799,1,21.7813,11.8314,75.4902,6884.8248,9947.6049,31.0099,0.6126,221.4507,-55.782,62.7833,44.3511,9.9648,96.0,55.0,0,0,1,1,0
VIRTUAL-0800,1,29.3434,9.7443,194.5389,6543.0826,9835.5749,14.0253,0.22807,279.6051,-10.6644,85.8448,45.1406,13.1141,72.0,55.0,0,1,0,1,0
